name,reserve,reviews
Резерв Отзывы Гроза,3,0
3 893 826 253 Dmoney,3,0
.,1,0
12 576 543 6259 BitBuy,3,0
117 384 163 5634 Терминал,1,0
.,9,0
.,3,0
0 000 000 2415 Cryptonet,4,0
0 000 000 399 LelekaCash,5,0
436 789 1709 CryptoSell,1,0
0 000 000 233 ChangeExpert,4,0
6 500 250 2249 Z-Obmen,8,0
.,8,0
5 085 686 1 1006 Crypto-Polis,1,0
1 034 590 5423 ObmennCom,1,0
2 645 000 669 Crypster,4,0
.,6,0
.,4,0
67 933 391 12741 FlashObmen,3,0
4 212 085 8574 R2Exchange,1,0
.,2,0
0 000 000 78 ExchangeBro,3,0
чем на 60 мин.,7,0
00 000 3189 GetBit,1,0
78 837 901 8723 FreeChange,1,0
11 960 944 3322 Обмен24,1,0
21 901 403 2006 X-Pay,4,0
7 257 413 5979 24Obmin,3,0
чем на 30 мин.,1,0
чем на 20 мин.,5,0
222 905 196 AtlasCash,4,0
100 000 487 Papa-Change,6,0
.,3,0
432 523 1017 OneClick24,3,0
000 000 1146 Easyex,2,0
0 000 000 498 ProfiCash,9,0
99 999 999 452 BitHunter,1,0
0 000 000 1741 CoolCoin,1,0
.,1,0
.,8,0
99 435 882 298 Wishex,5,0
36 292 154 Феникс,4,0
.,1,0
0 000 000 1181 CoinClick,7,0
738 270 11976 ColibriPay,4,0
.,5,0
000 000 1656 PremierCash,2,0
0 791 250 2164 FastChange,2,0
6 345 466 5715 AllCash,3,0
.,1,0
0 000 000 2355 GramBit,9,0
.,1,0
.,6,0
000 000 3729 PlannEx,5,0
чем на 40 мин.,2,0
2 252 246 92248 ChangeProject,1,0
взимаемая с получаемой валюты.,6,0
.,1,0
38 346 968 4702 GeekChange,8,0
.,9,0
.,6,0
40 775 4 Bixter,1,0
.,1,0
00 000 000 9851 AllTop,1,0
8 324 522 1561 SwapCoin,1,0
.,6,0
120 000 1132 AvanChange,3,0
099 000 11200 SpbWMCasher,1,0
.,2,0
0 000 000 3685 24Exchange,3,0
2 532 222 54 ExpressMoney,9,0
239 117 1763 КупиБит,9,0
.,1,0
2 425 818 3133 TytCash,5,0
.,6,0
000 000 416 CryptoHome,9,0
.,5,0
000 000 1265 Paxbit,3,0
.,6,0
.,1,0
.,2,0
0 000 000 6776 GoldenGate,9,0
8 177 521 1209 Пандпэй,8,0
3 331 396 1 2842 Cooperation,3,0
.,6,0
.,1,0
8 803 366 779 CriptHub,9,0
01 000 000 7161 YesObmen,5,0
000 000 3796 Киты,3,0
.,2,0
57 262 266 5796 Обменко,4,0
000 000 10674 Искра,1,0
000 000 154 Касса,6,0
3 272 522 16987 01bit,1,0
0 000 000 72 EuroBit,1,0
.,9,0
18 534 170 893 Fastify,1,0
чем на 15 мин.,1,0
.,1,0
00 335 787 468 CoinDrop,1,0
000 000 21074 StoreBucks,1,0
00 000 000 6796 Global-Ex,1,0
78 352 432 3425 CurreX,5,0
9 575 280 245 CryptoGin,4,0
942 637 1347 Е-Банк,2,0
.,9,0
519 906 670 CoinsBlack,9,0
.,1,0
1 563 778 1407 YaObmen,5,0
28 416 3927 PinPin,9,0
.,3,0
.,2,0
0 000 000 1141 CryptoGene,2,0
0 473 859 879 LunaBit,1,0
5 000 000 762 DoctorBit,2,0
чем на 40 мин.,3,0
333 333 3287 ЗеленаяСвеча,1,0
1 881 989 6790 CryptoYes,1,0
5 000 000 2043 Carlos-Exchange,1,0
0 000 000 1941 EpiChange,2,0
81 630 339 5976 Bitcoff,1,0
6 000 000 564 I-Obmen,1,0
16 422 610 13010 RoyalCash,7,0
5 544 704 1990 ExLine,6,0
36 764 5592 Xchange,4,0
9 635 228 8098 BlaBlaMoney,7,0
722 750 1829 HodlBase,6,0
956 591 127 BTchange,3,0
600 000 4461 BelkaPay,5,0
438 554 2640 CryptoLavka,1,0
689 381 1589 БухтаОбмена,1,0
2 676 874 7663 CoinCat,2,0
7 400 421 13214 Ex-Money,7,0
542 628 1555 CrystalMoney,1,0
14 937 201 528 UmaPay,3,0
1 573 033 838 LasloBit,9,0
70 000 9145 BTCRotor,7,0
.,1,0
5 659 057 10984 ProstovCash,3,0
24 840 856 8327 Cashalot,7,0
14 412 1556 AltinBit,3,0
4 409 978 668 ОбменкаSU,5,0
отсутствует прямой обмен.,1,0
00 000 000 1 17686 Murex,1,0
4 936 547 271 NorthCapital,1,0
216 072 173 NicexChanger,1,0
3 247 079 6586 AltSwap,3,0
8 349 292 370 MultiXchange,5,0
0 174 307 7049 YChanger,7,0
543 431 9262 MChanger,4,0
4 857 779 2389 Монеткинс,7,0
896 532 334 NordChange,2,0
2 685 741 1612 4ange,9,0
90 000 1034 Sunduk,9,0
886 179 5385 EasySwap,3,0
.,3,0
.,4,0
20 797 508 375 BaksMan,1,0
5 741 995 7858 FloatChange,1,0
2 820 496 4597 Эльвира,4,0
55 567 1021 16Tonn,6,0
177 709 2080 X-Order,2,0
0 782 456 1389 24PayBank,4,0
7 098 933 6629 Cryptojet,3,0
455 605 1577 CoinBlinker,2,0
83 289 758 2905 AbcObmen,2,0
0 000 000 5643 BTCWorm,1,0
50 816 797 630 Сова,1,0
91 185 130 86327 Метка,7,0
7 912 541 16598 Альткоин,9,0
29 654 559 18614 Z-Exchange,9,0
4 937 1303 RealExchange,8,0
6 127 143 539 CoinStart,1,0
.,8,0
352 300 7272 Банкомат,6,0
.,1,0
9 191 829 1523 OneMoment,4,0
чем на 20 мин.,3,0
785 000 8194 60сек,7,0
543 431 6136 CoinTok,6,0
90 000 1085 BitObmen,4,0
48 623 1008 Pocket-Exchange,2,0
92 641 237 56994 Coinfy,5,0
3 933 110 4068 Депо,8,0
1 358 625 147 Crypik,5,0
149 835 1406 Муха,2,0
587 951 8171 CoinChanger,7,0
593 718 4870 Котлета,2,0
125 468 625 12688 ExWhite,9,0
492 148 4907 Tarifex,6,0
0 935 910 605 ExHub,1,0
1 147 233 35101 Арбуз,7,0
803 063 3935 Bitality,7,0
667 172 3224 Ферма,2,0
7 089 449 52012 BitFlaming,1,0
711 351 1358 Kursov24,4,0
054 793 1222 ПоТеме,3,0
10 628 790 2119 Tuco,6,0
921 366 1299 Крипта,9,0
83 911 524 86008 X-Obmen,2,0
.,3,0
120 000 745 CoinPayMaster,7,0
930 678 4008 CosmoChanger,1,0
взимаемая с получаемой валюты.,1,0
209 840 2500 ChangerBiz,7,0
.,2,0
2 014 265 4220 X-Capital,2,0
655 405 392 BestKurs24,2,0
675 654 5160 Perfect-Change,9,0
4 188 100 1777 LovanPay,5,0
716 207 1841 BTC-Волга,1,0
000 000 617 ExpoChange,1,0
830 774 755 BitCash,2,0
341 488 568 IziBTC,1,0
5 125 000 5044 MisterBit,2,0
536 700 467 BTC-Обменник,1,0
8 318 226 1752 Cash-Bit,1,0
1 095 649 3430 WMBlr,2,0
06 712 1678 Crypto-Trans,1,0
взимаемая с получаемой валюты.,1,0
366 038 248 Ru-Change,3,0
7 700 294 2272 Coin-Bank,1,0
24 092 398 2055 GrumBot,8,0
Данный обменный пункт работает в ручном или полуавтоматическом режиме.,1,0
12 576 543 6274 BitBuy,3,0
118 348 766 5650 Crypto-Polis,1,0
Данный обменный пункт работает в ручном или полуавтоматическом режиме.,3,0
0 000 000 2421 LelekaCash,5,0
Данный обменный пункт работает в ручном или полуавтоматическом режиме.,9,0
94 331 112 1391 Терминал,1,0
0 866 679 895 Ganesh,5,0
000 000 317 Гроза,3,0
3 871 677 254 Bankomat001,3,0
000 000 163 Dmoney,3,0
000 000 55 ChangeExpert,4,0
Данный обменный пункт работает в ручном или полуавтоматическом режиме.,1,0
1 BTC от 0.00079 до 0.00794 6 299 530 RUB Карта 62 898 346 13377 XMoney,1,0
Данный обменный пункт работает в ручном или полуавтоматическом режиме.,8,0
5 111 726 1021 More-Ex,2,0
778 979 2356 Papa-Change,6,0
991 488 923 9538 R2Exchange,1,0
3 625 945 651 FlashObmen,3,0
4 137 628 8575 24Obmin,3,0
Данный обменный пункт работает в ручном или полуавтоматическом режиме.,1,0
Данный обменный пункт работает в ручном или полуавтоматическом режиме.,2,0
0 000 000 84 CoinClick,7,0
773 033 11995 Обмен24,1,0
21 901 403 2006 Касса,6,0
Данный обменный пункт работает в ручном или полуавтоматическом режиме.,8,0
Данный обменный пункт работает в ручном или полуавтоматическом режиме.,2,0
чем на 30 мин.,1,0
2 370 000 1196 AtlasCash,4,0
100 000 487 ProfiCash,9,0
чем на 20 мин.,5,0
222 905 196 GetBit,1,0
Данный обменный пункт работает в ручном или полуавтоматическом режиме.,1,0
8 741 852 4461 ObmennCom,1,0
2 645 000 669 Искра,1,0
000 000 159 CoolCoin,1,0
1 BTC от 0.00240422 до 0.02404228 6 239 009 RUB Карта 6 120 000 1133 BitHunter,1,0
0 000 000 1741 Z-Obmen,8,0
7 390 500 1382 Easyex,2,0
0 000 000 506 Cryptonet,4,0
0 000 000 406 CryptoSell,1,0
Данный обменный пункт работает в ручном или полуавтоматическом режиме.,6,0
Данный обменный пункт работает в ручном или полуавтоматическом режиме.,1,0
Данный обменный пункт работает в ручном или полуавтоматическом режиме.,5,0
Данный обменный пункт работает в ручном или полуавтоматическом режиме.,6,0
000 000 419 FastChange,2,0
6 345 466 5717 AllCash,3,0
Данный обменный пункт работает в ручном или полуавтоматическом режиме.,5,0
Данный обменный пункт работает в ручном или полуавтоматическом режиме.,1,0
2 425 818 3133 ExchangeBro,3,0
8 164 487 527 StoreBucks,1,0
00 000 000 6805 GramBit,9,0
Данный обменный пункт работает в ручном или полуавтоматическом режиме.,1,0
Данный обменный пункт работает в ручном или полуавтоматическом режиме.,5,0
чем на 40 мин.,2,0
3 895 174 92266 X-Pay,4,0
7 257 413 5998 GeekChange,8,0
чем на 60 мин.,7,0
00 000 3189 Пандпэй,8,0
3 331 396 1 2842 Bixter,1,0
9 029 401 2461 SwapCoin,1,0
7 376 851 2434 ChangeProject,1,0
24 045 879 7829 OneClick24,3,0
000 000 1146 FreeChange,1,0
11 960 944 3339 EuroBit,1,0
3 892 289 3399 24Exchange,3,0
2 532 222 54 PremierCash,2,0
0 791 250 2164 AllTop,1,0
8 324 522 1561 AvanChange,3,0
003 749 11202 Crypster,4,0
Данный обменный пункт работает в ручном или полуавтоматическом режиме.,1,0
Данный обменный пункт работает в ручном или полуавтоматическом режиме.,9,0
Данный обменный пункт работает в ручном или полуавтоматическом режиме.,1,0
00 335 787 468 GoldenGate,9,0
8 177 521 1212 ExpressMoney,9,0
222 452 1763 КупиБит,9,0
223 405 10566 YesObmen,5,0
Данный обменный пункт работает в ручном или полуавтоматическом режиме.,1,0
8 803 366 779 Обменко,4,0
000 000 10677 CryptoHome,9,0
Данный обменный пункт работает в ручном или полуавтоматическом режиме.,6,0
870 307 3735 ColibriPay,4,0
843 011 1008 CriptHub,9,0
01 000 000 7169 ExFMpro,5,0
8 842 840 17 Cooperation,3,0
24 234 324 277 Киты,3,0
350 000 3 CoinDrop,1,0
000 000 21088 Paxbit,3,0
641 600 35 Империал,5,0
Данный обменный пункт работает в ручном или полуавтоматическом режиме.,1,0
00 000 000 9859 Fastify,1,0
Данный обменный пункт работает в ручном или полуавтоматическом режиме.,2,0
чем на 15 мин.,1,0
780 360 5419 SpbWMCasher,1,0
500 000 3384 Global-Ex,1,0
78 335 065 3433 Е-Банк,2,0
500 000 1016 Феникс,4,0
030 597 11480 CryptoYes,1,0
5 000 000 2045 CurreX,5,0
9 575 280 246 CoinsBlack,9,0
чем на 20 мин.,3,0
Данный обменный пункт работает в ручном или полуавтоматическом режиме.,8,0
352 300 7273 CryptoGin,4,0
Данный обменный пункт работает в ручном или полуавтоматическом режиме.,1,0
1 563 778 1407 01bit,1,0
1 BTC от 0.00497375 до 0.16579164 6 031 667 RUB Карта 9 519 906 673 CryptoLavka,1,0
Данный обменный пункт работает в ручном или полуавтоматическом режиме.,3,0
396 090 3122 YaObmen,5,0
Данный обменный пункт работает в ручном или полуавтоматическом режиме.,2,0
0 000 000 3691 PinPin,9,0
отсутствует прямой обмен.,1,0
чем на 40 мин.,3,0
333 333 3291 Pocket-Exchange,2,0
92 496 075 56994 ЗеленаяСвеча,1,0
1 881 989 6790 БухтаОбмена,1,0
2 676 874 7670 RoyalCash,7,0
5 537 664 1991 CryptoGene,2,0
0 473 859 895 LunaBit,1,0
5 000 000 766 DoctorBit,2,0
5 687 694 231 Carlos-Exchange,1,0
0 000 000 1945 BlaBlaMoney,7,0
713 250 1830 ExLine,6,0
36 764 5592 I-Obmen,1,0
16 586 824 13012 Bitcoff,1,0
6 000 000 564 EpiChange,2,0
81 741 792 5978 BelkaPay,5,0
648 321 2640 Xchange,4,0
9 615 389 8100 HodlBase,6,0
956 591 128 LasloBit,9,0
70 000 9146 CoinCat,2,0
7 825 291 13224 X-Order,2,0
0 782 456 1397 Ex-Money,7,0
544 426 1555 CrystalMoney,1,0
14 957 701 528 ОбменкаSU,5,0
350 285 1073 UmaPay,3,0
1 628 533 838 BTchange,3,0
600 000 4462 BTCRotor,7,0
Данный обменный пункт работает в ручном или полуавтоматическом режиме.,1,0
5 659 057 10986 Cashalot,9,0
68 868 1562 AltinBit,3,0
4 409 978 668 Sunduk,9,0
806 155 5385 NicexChanger,1,0
3 216 299 6587 ProstovCash,3,0
24 965 653 8328 YChanger,7,0
544 867 9263 MultiXchange,5,0
0 174 307 7054 Банкомат,6,0
0 926 972 4536 Murex,1,0
4 936 547 271 4ange,9,0
90 000 1034 Монеткинс,7,0
Данный обменный пункт работает в ручном или полуавтоматическом режиме.,3,0
561 286 945 AltSwap,3,0
8 349 292 371 NordChange,2,0
2 685 741 1612 NorthCapital,1,0
216 072 173 EasySwap,3,0
9 157 021 691 BaksMan,1,0
5 741 995 7859 Эльвира,4,0
Данный обменный пункт работает в ручном или полуавтоматическом режиме.,4,0
20 797 508 377 16Tonn,6,0
177 709 2081 FloatChange,1,0
2 820 496 4599 24PayBank,4,0
7 098 933 6630 Cryptojet,3,0
455 605 1588 AbcObmen,2,0
0 000 000 5645 CoinBlinker,2,0
83 279 758 2911 Сова,1,0
91 185 130 86337 Метка,7,0
6 912 541 16607 BTCWorm,1,0
50 799 124 630 Альткоин,9,0
28 654 559 18623 RealExchange,8,0
6 127 143 539 CoinStart,1,0
5 870 052 35370 Z-Exchange,9,0
4 937 1304 60сек,7,0
Данный обменный пункт может запросить верификацию документов клиента или приостановить обмен для проверки других данных.,1,0
9 191 829 1523 OneMoment,4,0
0 000 000 49824 Crypik,5,0
149 835 1406 ExWhite,7,0
142 627 4911 CoinChanger,5,0
724 982 4870 CoinTok,6,0
90 000 1085 Coinfy,5,0
4 416 521 4082 Депо,8,0
0 358 625 151 BitObmen,4,0
32 717 1008 ExHub,8,0
403 091 35110 Арбуз,5,0
882 164 3937 Муха,2,0
587 951 8171 Котлета,2,0
125 468 625 12707 Tarifex,6,0
0 935 910 606 Ферма,2,0
7 089 449 52015 Kursov24,4,0
054 793 1222 BitFlaming,1,0
711 351 1361 Bitality,7,0
681 272 3228 24Обмен,3,0
82 379 1673 ПоТеме,3,0
10 628 790 2121 Крипта,1,0
051 338 574 86031 X-Obmen,2,0
Данный обменный пункт работает в ручном или полуавтоматическом режиме.,3,0
взимаемая с получаемой валюты.,1,0
209 840 2500 Tuco,6,0
921 366 1299 CoinPayMaster,7,0
930 678 4009 CosmoChanger,1,0
870 175 1609 ChangerBiz,7,0
Данный обменный пункт работает в ручном или полуавтоматическом режиме.,2,0
2 014 265 4220 ExpoChange,1,0
830 774 755 X-Capital,2,0
655 405 392 BestKurs24,2,0
675 654 5163 BTC-Волга,1,0
000 000 617 LovanPay,5,0
716 207 1842 Perfect-Change,9,0
4 188 100 1777 BTC-Обменник,1,0
8 363 226 1752 BitCash,2,0
341 488 568 IziBTC,1,0
5 125 000 5044 Cash-Bit,1,0
взимаемая с получаемой валюты.,6,0
0 000 1477 WMBlr,2,0
взимаемая с получаемой валюты.,1,0
366 038 248 Crypto-Trans,1,0
0 760 400 2417 Ru-Change,3,0
7 700 294 2272 Coin-Bank,1,0
24 092 398 2055 GrumBot,8,0
Резерв Отзывы BitBuy,3,0
118 348 766 5650 Crypto-Polis,1,0
Данный обменный пункт работает в ручном или полуавтоматическом режиме.,1,0
Данный обменный пункт работает в ручном или полуавтоматическом режиме.,3,0
0 000 000 2421 LelekaCash,5,0
Данный обменный пункт работает в ручном или полуавтоматическом режиме.,9,0
94 331 112 1391 Терминал,1,0
0 866 679 895 ExchangeBro,3,0
8 164 487 527 Ganesh,5,0
000 000 317 Гроза,3,0
3 871 677 254 Bankomat001,3,0
000 000 163 Dmoney,3,0
000 000 55 ChangeExpert,4,0
Данный обменный пункт работает в ручном или полуавтоматическом режиме.,1,0
1 BTC от 0.00079 до 0.00794 6 300 347 RUB Карта 62 898 346 13377 Papa-Change,6,0
991 488 923 9538 FlashObmen,3,0
4 137 628 8575 XMoney,1,0
Данный обменный пункт работает в ручном или полуавтоматическом режиме.,8,0
5 111 726 1021 R2Exchange,1,0
3 625 945 651 24Obmin,3,0
0 432 350 3910 More-Ex,2,0
Данный обменный пункт работает в ручном или полуавтоматическом режиме.,1,0
07 332 718 5438 Обмен24,1,0
21 901 403 2006 Касса,6,0
Данный обменный пункт работает в ручном или полуавтоматическом режиме.,2,0
Данный обменный пункт работает в ручном или полуавтоматическом режиме.,8,0
Данный обменный пункт работает в ручном или полуавтоматическом режиме.,2,0
Данный обменный пункт работает в ручном или полуавтоматическом режиме.,1,0
1 BTC от 0.00800102 до 0.48006131 6 249 202 RUB Карта 3 432 523 1028 ObmennCom,1,0
чем на 20 мин.,5,0
222 905 196 AtlasCash,4,0
100 000 487 ProfiCash,9,0
99 999 999 463 GetBit,1,0
чем на 30 мин.,1,0
Данный обменный пункт работает в ручном или полуавтоматическом режиме.,9,0
Данный обменный пункт работает в ручном или полуавтоматическом режиме.,6,0
500 000 3873 CoolCoin,1,0
74 040 000 2979 Z-Obmen,8,0
7 390 500 1382 Cryptonet,4,0
0 000 000 406 CryptoSell,1,0
0 000 000 240 Easyex,2,0
0 000 000 506 BitHunter,1,0
Данный обменный пункт работает в ручном или полуавтоматическом режиме.,5,0
000 000 1656 FastChange,2,0
6 345 466 5717 AllCash,3,0
4 522 842 2915 Искра,1,0
Данный обменный пункт работает в ручном или полуавтоматическом режиме.,1,0
Данный обменный пункт работает в ручном или полуавтоматическом режиме.,1,0
Данный обменный пункт работает в ручном или полуавтоматическом режиме.,5,0
Данный обменный пункт работает в ручном или полуавтоматическом режиме.,6,0
000 000 419 StoreBucks,1,0
1 BTC от 0.00160719 до 0.03214399 6 223 349 RUB Карта 6 000 000 3730 GramBit,9,0
Данный обменный пункт работает в ручном или полуавтоматическом режиме.,1,0
Данный обменный пункт работает в ручном или полуавтоматическом режиме.,5,0
43 695 4 CoinClick,7,0
чем на 40 мин.,2,0
3 992 090 92266 X-Pay,4,0
7 257 413 5998 GeekChange,8,0
8 872 380 2481 Пандпэй,8,0
чем на 60 мин.,7,0
00 000 3189 Bixter,1,0
9 029 401 2461 SwapCoin,1,0
7 376 851 2434 OneClick24,3,0
000 000 1146 ChangeProject,1,0
24 045 879 7829 FreeChange,1,0
11 960 944 3339 AvanChange,3,0
003 749 11202 PremierCash,2,0
0 791 250 2164 EuroBit,1,0
3 892 289 3399 AllTop,1,0
8 324 522 1561 24Exchange,3,0
Данный обменный пункт работает в ручном или полуавтоматическом режиме.,9,0
18 384 170 895 Crypster,4,0
Данный обменный пункт работает в ручном или полуавтоматическом режиме.,1,0
0 000 000 2356 GoldenGate,9,0
Данный обменный пункт работает в ручном или полуавтоматическом режиме.,1,0
Данный обменный пункт работает в ручном или полуавтоматическом режиме.,1,0
8 803 366 779 КупиБит,9,0
237 499 10566 ExpressMoney,9,0
236 475 1763 YesObmen,5,0
Данный обменный пункт работает в ручном или полуавтоматическом режиме.,6,0
870 307 3735 Обменко,4,0
000 000 10677 ExFMpro,5,0
8 842 840 17 CryptoHome,9,0
229 601 10897 ColibriPay,4,0
843 011 1008 CriptHub,9,0
01 000 000 7169 Cooperation,3,0
24 234 324 277 Киты,3,0
350 000 3 Paxbit,3,0
Данный обменный пункт работает в ручном или полуавтоматическом режиме.,1,0
00 000 000 9859 CoinDrop,1,0
000 000 21088 Империал,5,0
165 183 226 Fastify,1,0
чем на 15 мин.,1,0
780 360 5419 Global-Ex,1,0
78 335 065 3433 SpbWMCasher,1,0
Данный обменный пункт работает в ручном или полуавтоматическом режиме.,2,0
0 000 000 1150 CurreX,5,0
9 575 280 246 Е-Банк,2,0
500 000 1016 Феникс,4,0
Данный обменный пункт работает в ручном или полуавтоматическом режиме.,1,0
1 563 778 1407 CryptoYes,1,0
5 000 000 2045 CoinsBlack,9,0
705 572 1909 CryptoGin,4,0
чем на 20 мин.,3,0
Данный обменный пункт работает в ручном или полуавтоматическом режиме.,8,0
352 300 7273 01bit,1,0
Данный обменный пункт работает в ручном или полуавтоматическом режиме.,3,0
396 090 3122 CryptoLavka,1,0
663 427 1589 YaObmen,5,0
Данный обменный пункт работает в ручном или полуавтоматическом режиме.,2,0
отсутствует прямой обмен.,1,0
00 000 000 17692 PinPin,9,0
445 409 121 Pocket-Exchange,2,0
92 496 075 56994 ExLine,6,0
36 764 5592 Carlos-Exchange,1,0
чем на 40 мин.,3,0
333 333 3291 RoyalCash,7,0
5 537 664 1991 BlaBlaMoney,7,0
713 250 1830 БухтаОбмена,1,0
2 676 874 7670 ЗеленаяСвеча,1,0
1 881 989 6790 BelkaPay,5,0
648 321 2640 Bitcoff,1,0
6 000 000 564 Xchange,4,0
9 615 389 8100 CryptoGene,2,0
0 473 859 895 LunaBit,1,0
5 000 000 766 DoctorBit,2,0
5 687 694 231 EpiChange,2,0
81 741 792 5978 I-Obmen,1,0
16 586 824 13012 HodlBase,6,0
956 591 128 CoinCat,2,0
7 825 291 13224 X-Order,2,0
0 782 456 1397 LasloBit,9,0
70 000 9146 Ex-Money,7,0
544 426 1555 CrystalMoney,1,0
14 957 701 528 ОбменкаSU,5,0
350 285 1073 UmaPay,3,0
1 628 533 838 BTCRotor,7,0
544 426 361 BTchange,3,0
600 000 4462 Sunduk,9,0
798 225 5385 ProstovCash,3,0
Данный обменный пункт работает в ручном или полуавтоматическом режиме.,1,0
5 659 057 10986 Cashalot,9,0
68 868 1562 NicexChanger,1,0
3 216 299 6587 YChanger,7,0
544 867 9263 AltinBit,3,0
4 409 978 668 Murex,1,0
4 936 547 271 MultiXchange,5,0
0 174 307 7054 4ange,9,0
90 000 1034 Монеткинс,7,0
896 532 335 Банкомат,6,0
0 926 972 4536 AltSwap,3,0
Данный обменный пункт работает в ручном или полуавтоматическом режиме.,3,0
561 286 945 NordChange,2,0
2 685 741 1612 EasySwap,3,0
9 157 021 691 NorthCapital,1,0
216 072 173 BaksMan,1,0
Данный обменный пункт работает в ручном или полуавтоматическом режиме.,4,0
20 797 508 377 Эльвира,4,0
55 567 1022 24PayBank,4,0
7 098 933 6630 FloatChange,1,0
2 820 496 4599 16Tonn,6,0
177 709 2081 CoinBlinker,2,0
83 279 758 2911 AbcObmen,2,0
0 000 000 5645 Сова,1,0
91 185 130 86337 Метка,7,0
6 912 541 16607 BTCWorm,1,0
50 799 124 630 Альткоин,9,0
28 654 559 18623 Z-Exchange,9,0
4 937 1304 CoinStart,1,0
5 870 052 35370 RealExchange,8,0
6 127 143 539 60сек,7,0
Данный обменный пункт может запросить верификацию документов клиента или приостановить обмен для проверки других данных.,1,0
9 191 829 1523 OneMoment,4,0
0 000 000 49824 ExWhite,7,0
142 627 4911 CoinChanger,5,0
755 786 4870 Crypik,5,0
149 835 1406 BitObmen,4,0
32 717 1008 CoinTok,6,0
90 000 1085 Coinfy,5,0
4 416 521 4082 Депо,8,0
0 358 625 151 ExHub,8,0
403 091 35110 Арбуз,5,0
882 164 3937 Муха,2,0
587 951 8171 Котлета,2,0
125 468 625 12707 Tarifex,6,0
0 935 910 606 Ферма,2,0
7 089 449 52015 Bitality,7,0
681 272 3228 BitFlaming,1,0
711 351 1361 Kursov24,4,0
054 793 1222 ПоТеме,3,0
10 628 790 2121 24Обмен,3,0
82 379 1673 Крипта,1,0
051 338 574 86032 X-Obmen,2,0
Данный обменный пункт работает в ручном или полуавтоматическом режиме.,3,0
взимаемая с получаемой валюты.,1,0
209 840 2500 Tuco,6,0
921 366 1299 CoinPayMaster,7,0
930 678 4009 CosmoChanger,1,0
870 175 1609 ChangerBiz,7,0
Данный обменный пункт работает в ручном или полуавтоматическом режиме.,2,0
2 014 265 4220 ExpoChange,1,0
830 774 755 X-Capital,2,0
655 405 392 BestKurs24,2,0
675 654 5163 BTC-Волга,1,0
000 000 617 LovanPay,5,0
716 207 1842 Perfect-Change,9,0
4 188 100 1777 BTC-Обменник,1,0
8 363 226 1752 BitCash,2,0
341 488 568 IziBTC,1,0
5 125 000 5044 Cash-Bit,1,0
взимаемая с получаемой валюты.,6,0
0 000 1477 WMBlr,2,0
взимаемая с получаемой валюты.,1,0
366 038 248 Crypto-Trans,1,0
0 760 400 2417 Ru-Change,3,0
7 700 294 2272 Coin-Bank,1,0
24 092 398 2055 GrumBot,8,0
1 BTC от 0.00078994 до 0.00789919 6 329 635 RUB Карта 467 859 225 12744 BitBuy,3,0
118 348 766 5650 Crypto-Polis,1,0
Данный обменный пункт работает в ручном или полуавтоматическом режиме.,1,0
Данный обменный пункт работает в ручном или полуавтоматическом режиме.,3,0
0 000 000 2421 LelekaCash,5,0
Данный обменный пункт работает в ручном или полуавтоматическом режиме.,9,0
94 331 112 1391 Терминал,1,0
0 866 679 895 Ganesh,5,0
000 000 317 Гроза,3,0
3 871 677 254 Bankomat001,3,0
000 000 163 Dmoney,3,0
000 000 55 ChangeExpert,4,0
Данный обменный пункт работает в ручном или полуавтоматическом режиме.,8,0
Данный обменный пункт работает в ручном или полуавтоматическом режиме.,1,0
1 BTC от 0.00079 до 0.00794 6 299 530 RUB Карта 62 898 346 13377 Papa-Change,6,0
991 488 923 9538 XMoney,1,0
40 995 925 2512 FlashObmen,3,0
4 137 628 8575 R2Exchange,1,0
3 625 945 651 24Obmin,3,0
0 432 350 3910 FreeChange,1,0
11 960 944 3339 Обмен24,1,0
21 901 403 2006 Касса,6,0
Данный обменный пункт работает в ручном или полуавтоматическом режиме.,1,0
Данный обменный пункт работает в ручном или полуавтоматическом режиме.,2,0
Данный обменный пункт работает в ручном или полуавтоматическом режиме.,8,0
чем на 30 мин.,1,0
2 370 000 1196 ObmennCom,1,0
чем на 20 мин.,5,0
222 905 196 AtlasCash,4,0
100 000 487 ProfiCash,9,0
Данный обменный пункт работает в ручном или полуавтоматическом режиме.,2,0
Данный обменный пункт работает в ручном или полуавтоматическом режиме.,1,0
8 739 655 4461 GetBit,1,0
Данный обменный пункт работает в ручном или полуавтоматическом режиме.,9,0
74 152 2119 CoolCoin,1,0
74 040 000 2979 Z-Obmen,8,0
7 390 500 1383 Easyex,2,0
0 000 000 506 Cryptonet,4,0
0 000 000 406 CryptoSell,1,0
0 000 000 240 BitHunter,1,0
Данный обменный пункт работает в ручном или полуавтоматическом режиме.,5,0
Данный обменный пункт работает в ручном или полуавтоматическом режиме.,6,0
500 000 3873 Искра,1,0
Данный обменный пункт работает в ручном или полуавтоматическом режиме.,1,0
0 000 000 4325 FastChange,2,0
6 345 466 5717 AllCash,3,0
4 522 842 2915 ExchangeBro,3,0
Данный обменный пункт работает в ручном или полуавтоматическом режиме.,5,0
Данный обменный пункт работает в ручном или полуавтоматическом режиме.,6,0
Данный обменный пункт работает в ручном или полуавтоматическом режиме.,1,0
2 425 818 3133 StoreBucks,1,0
1 BTC от 0.0016068 до 0.03213614 6 223 526 RUB Карта 6 000 000 3730 GramBit,9,0
Данный обменный пункт работает в ручном или полуавтоматическом режиме.,5,0
Данный обменный пункт работает в ручном или полуавтоматическом режиме.,1,0
0 000 000 1181 CoinClick,7,0
773 033 11995 X-Pay,4,0
7 257 413 5998 GeekChange,8,0
чем на 40 мин.,2,0
чем на 60 мин.,7,0
00 000 3189 Bixter,1,0
9 029 401 2461 Пандпэй,8,0
3 331 396 1 2842 SwapCoin,1,0
7 376 851 2434 ChangeProject,1,0
24 045 879 7829 OneClick24,3,0
000 000 1146 AvanChange,3,0
003 749 11202 EuroBit,1,0
3 892 289 3399 24Exchange,3,0
2 532 222 54 PremierCash,2,0
0 791 250 2164 AllTop,1,0
Данный обменный пункт работает в ручном или полуавтоматическом режиме.,9,0
18 384 170 895 Crypster,4,0
Данный обменный пункт работает в ручном или полуавтоматическом режиме.,1,0
0 000 000 2356 GoldenGate,9,0
Данный обменный пункт работает в ручном или полуавтоматическом режиме.,1,0
Данный обменный пункт работает в ручном или полуавтоматическом режиме.,1,0
8 803 366 779 ExpressMoney,9,0
234 804 1763 КупиБит,9,0
237 428 10566 YesObmen,5,0
000 000 3798 Обменко,4,0
000 000 10677 CryptoHome,9,0
225 801 10897 ExFMpro,5,0
8 842 840 17 ColibriPay,4,0
843 011 1008 CriptHub,9,0
Данный обменный пункт работает в ручном или полуавтоматическом режиме.,6,0
870 307 3735 Cooperation,3,0
24 234 324 277 Киты,3,0
350 000 3 Paxbit,3,0
641 600 35 CoinDrop,1,0
Данный обменный пункт работает в ручном или полуавтоматическом режиме.,1,0
00 000 000 9859 Империал,5,0
165 183 226 Fastify,1,0
Данный обменный пункт работает в ручном или полуавтоматическом режиме.,2,0
чем на 15 мин.,1,0
780 360 5419 Global-Ex,1,0
78 335 065 3433 SpbWMCasher,1,0
Данный обменный пункт работает в ручном или полуавтоматическом режиме.,1,0
1 563 778 1407 CurreX,5,0
9 575 280 246 Феникс,4,0
030 597 11480 Е-Банк,2,0
500 000 1016 CryptoYes,1,0
5 000 000 2046 CoinsBlack,9,0
1 BTC от 0.00496895 до 0.16563169 6 037 492 RUB Карта 9 519 906 673 CryptoGin,4,0
чем на 20 мин.,3,0
Данный обменный пункт работает в ручном или полуавтоматическом режиме.,8,0
352 300 7273 01bit,1,0
Данный обменный пункт работает в ручном или полуавтоматическом режиме.,3,0
396 090 3122 CryptoLavka,1,0
663 427 1589 YaObmen,5,0
Данный обменный пункт работает в ручном или полуавтоматическом режиме.,2,0
0 000 000 3691 PinPin,9,0
445 409 121 Xchange,4,0
9 615 389 8100 RoyalCash,7,0
5 537 664 1991 БухтаОбмена,1,0
2 676 874 7670 CryptoGene,2,0
0 473 859 895 LunaBit,1,0
5 000 000 766 DoctorBit,2,0
5 687 694 231 BlaBlaMoney,7,0
отсутствует прямой обмен.,1,0
00 000 000 17692 Pocket-Exchange,2,0
чем на 40 мин.,3,0
333 333 3291 ЗеленаяСвеча,1,0
1 881 989 6790 BelkaPay,5,0
648 321 2640 Bitcoff,1,0
6 000 000 564 Carlos-Exchange,1,0
0 000 000 1945 ExLine,6,0
36 764 5592 EpiChange,2,0
81 741 792 5978 I-Obmen,1,0
16 586 824 13012 HodlBase,6,0
956 591 128 LasloBit,9,0
70 000 9146 Ex-Money,7,0
544 426 1555 CoinCat,2,0
7 825 291 13224 X-Order,2,0
0 782 456 1397 CrystalMoney,1,0
14 957 701 528 ОбменкаSU,5,0
350 285 1073 UmaPay,3,0
1 628 533 838 BTCRotor,7,0
544 426 361 BTchange,3,0
600 000 4462 NicexChanger,1,0
3 216 299 6587 ProstovCash,3,0
Данный обменный пункт работает в ручном или полуавтоматическом режиме.,1,0
5 659 057 10986 Sunduk,9,0
798 225 5385 AltinBit,3,0
4 409 978 668 YChanger,7,0
544 867 9263 Монеткинс,7,0
896 532 335 Cashalot,9,0
68 868 1562 MultiXchange,5,0
0 174 307 7054 4ange,9,0
90 000 1034 Банкомат,6,0
0 926 972 4536 NordChange,2,0
2 685 741 1612 EasySwap,3,0
9 157 021 691 NorthCapital,1,0
216 072 173 Murex,1,0
4 936 547 271 AltSwap,3,0
Данный обменный пункт работает в ручном или полуавтоматическом режиме.,3,0
561 286 945 BaksMan,1,0
Данный обменный пункт работает в ручном или полуавтоматическом режиме.,4,0
20 797 508 377 FloatChange,1,0
2 820 496 4599 24PayBank,4,0
7 098 933 6630 Эльвира,4,0
55 567 1022 16Tonn,6,0
177 709 2081 CoinBlinker,2,0
83 279 758 2911 AbcObmen,2,0
0 000 000 5645 Cryptojet,3,0
455 605 1588 BTCWorm,1,0
50 799 124 630 Сова,1,0
91 185 130 86337 Метка,7,0
6 912 541 16607 Альткоин,9,0
28 654 559 18623 Z-Exchange,9,0
4 937 1304 CoinStart,1,0
5 870 052 35370 RealExchange,8,0
6 127 143 539 60сек,7,0
Данный обменный пункт может запросить верификацию документов клиента или приостановить обмен для проверки других данных.,1,0
9 191 829 1523 OneMoment,4,0
0 000 000 49824 ExWhite,7,0
253 552 4911 CoinChanger,5,0
802 842 4870 Crypik,5,0
149 835 1406 ExHub,8,0
533 591 35110 BitObmen,4,0
32 717 1008 Арбуз,5,0
973 514 3937 Coinfy,5,0
4 416 521 4082 Депо,8,0
0 358 625 151 CoinTok,6,0
90 000 1085 Муха,2,0
587 951 8171 Котлета,2,0
125 468 625 12707 Tarifex,6,0
0 935 910 606 Ферма,2,0
7 089 449 52015 Bitality,7,0
681 272 3228 BitFlaming,1,0
711 351 1361 Kursov24,4,0
054 793 1222 24Обмен,3,0
82 379 1673 ПоТеме,3,0
10 628 790 2121 Крипта,1,0
051 338 574 86032 X-Obmen,2,0
Данный обменный пункт работает в ручном или полуавтоматическом режиме.,3,0
взимаемая с получаемой валюты.,1,0
209 840 2500 Tuco,6,0
921 366 1299 CoinPayMaster,7,0
930 678 4009 CosmoChanger,1,0
Данный обменный пункт работает в ручном или полуавтоматическом режиме.,2,0
2 014 265 4220 ChangerBiz,7,0
4 767 39 ExpoChange,1,0
830 774 755 X-Capital,2,0
655 405 392 BestKurs24,2,0
675 654 5163 BTC-Волга,1,0
000 000 617 LovanPay,5,0
716 207 1842 Perfect-Change,9,0
4 188 100 1777 BTC-Обменник,1,0
8 363 226 1752 BitCash,2,0
341 488 568 IziBTC,1,0
5 125 000 5044 Cash-Bit,1,0
взимаемая с получаемой валюты.,6,0
0 000 1477 WMBlr,2,0
взимаемая с получаемой валюты.,1,0
366 038 248 Crypto-Trans,1,0
0 760 400 2417 Ru-Change,3,0
7 700 294 2272 Coin-Bank,1,0
24 092 398 2055 GrumBot,8,0
