name,rate,reserve,reviews,min_btc,max_btc
Резерв Отзывы Гроза,6422154.0,3,0,0.00129,0.008
3 893 826 253 Dmoney,6421948.0,3,0,0.002335,0.031
.,6421906.0,1,0,0.00233575,0.02335755
12 576 543 6259 BitBuy,6421906.0,3,0,0.00155711,1.0121215
117 384 163 5634 Терминал,6421906.0,1,0,0.00155717,0.0155717
.,6421906.0,9,0,0.0035,0.0234
.,6421824.0,3,0,0.0155719,1.55719
0 000 000 2415 Cryptonet,6421772.0,4,0,0.00311441,0.03192265
0 000 000 399 LelekaCash,6421659.0,5,0,0.00389308,0.15276426
436 789 1709 CryptoSell,6421649.0,1,0,0.00155723,0.02569434
0 000 000 233 ChangeExpert,6421525.0,4,0,0.00545042,0.15572625
6 500 250 2249 Z-Obmen,6405878.0,8,0,0.00156107,0.03044079
.,6392705.0,8,0,0.00128,0.00687
5 085 686 1 1006 Crypto-Polis,6392106.0,1,0,0.00243417,0.40569571
1 034 590 5423 ObmennCom,6392106.0,1,0,0.00297242,0.02815973
2 645 000 669 Crypster,6388921.0,4,0,0.0016,0.0047
.,6374960.0,6,0,0.00078,0.00784
.,6374960.0,4,0,0.00078432,0.00784303
67 933 391 12741 FlashObmen,6374960.0,3,0,0.0007843,0.007843
4 212 085 8574 R2Exchange,6373285.0,1,0,0.002885,0.007212
.,6373285.0,2,0,0.0031381,0.31380991
0 000 000 78 ExchangeBro,6361227.0,3,0,0.00149342,0.01100417
чем на 60 мин.,6357702.0,7,0,0.00314579,0.05505134
00 000 3189 GetBit,6357077.0,1,0,0.00235853,1.5723528
78 837 901 8723 FreeChange,6357077.0,1,0,0.00162278,0.0097367
11 960 944 3322 Обмен24,6357077.0,1,0,0.00471915,0.0786525
21 901 403 2006 X-Pay,6355989.0,4,0,0.0021,0.11011353
7 257 413 5979 24Obmin,6355986.0,3,0,0.00314664,0.0629328
чем на 30 мин.,6355986.0,1,0,0.006136,0.078666
чем на 20 мин.,6355986.0,5,0,0.00472,0.086533
222 905 196 AtlasCash,6355771.0,4,0,0.00314675,0.03461421
100 000 487 Papa-Change,6352113.0,6,0,0.00078714,0.00787124
.,6349649.0,3,0,0.00787445,0.47246704
432 523 1017 OneClick24,6347450.0,3,0,0.00315087,0.06301743
000 000 1146 Easyex,6345438.0,2,0,0.00315187,0.03309464
0 000 000 498 ProfiCash,6345125.0,9,0,0.00315203,0.03152026
99 999 999 452 BitHunter,6340699.0,1,0,0.01,0.01025124
0 000 000 1741 CoolCoin,6339378.0,1,0,0.005952,30
.,6339341.0,1,0,0.0022,0.0089
.,6338309.0,8,0,0.0023,0.0224
99 435 882 298 Wishex,6336130.0,5,0,0.00039456,0.00146777
36 292 154 Феникс,6333767.0,4,0,0.00094269,0.00549902
.,6332097.0,1,0,0.01579256,1.57925567
0 000 000 1181 CoinClick,6330352.0,7,0,0.00078526,0.00549684
738 270 11976 ColibriPay,6330352.0,4,0,0.00054967,0.00471149
.,6330021.0,5,0,0.02,0.5
000 000 1656 PremierCash,6328887.0,2,0,0.00790028,2.92892722
0 791 250 2164 FastChange,6327913.0,2,0,0.0063,0.3161
6 345 466 5715 AllCash,6327913.0,3,0,0.0032,0.237
.,6326765.0,1,0,0.01106411,0.79029333
0 000 000 2355 GramBit,6324883.0,9,0,0.005102,1
.,6322274.0,1,0,0.01581709,1.58170928
.,6314623.0,6,0,0.00158312,0.01583127
000 000 3729 PlannEx,6314622.0,5,0,0.00237544,0.15836261
чем на 40 мин.,6307631.0,2,0,0.0021,0.07926905
2 252 246 92248 ChangeProject,6307631.0,1,0,0.005466,30
взимаемая с получаемой валюты.,6307077.0,6,0,0.000358,0.05
.,6306693.0,1,0,0.002,0.008
38 346 968 4702 GeekChange,6305450.0,8,0,0.0006,0.3663
.,6301407.0,9,0,0.00793474,0.15459278
.,6300721.0,6,0,0.0008015,0.0158712
40 775 4 Bixter,6299698.0,1,0,0.0032,0.1587
.,6295443.0,1,0,0.00555497,0.20632762
00 000 000 9851 AllTop,6295443.0,1,0,0.007148,2.91076
8 324 522 1561 SwapCoin,6291436.0,1,0,0.0048,0.4768
.,6284692.0,6,0,0.00238675,0.02386752
120 000 1132 AvanChange,6284691.0,3,0,0.0017,0.064
099 000 11200 SpbWMCasher,6284691.0,1,0,0.00604332,0.22264877
.,6281494.0,2,0,0.01591978,1.59197792
0 000 000 3685 24Exchange,6277964.0,3,0,0.01214688,0.08097919
2 532 222 54 ExpressMoney,6275793.0,9,0,0.00159342,0.00796696
239 117 1763 КупиБит,6274533.0,9,0,0.00159374,0.00796856
.,6272641.0,1,0,0.005,1.98095481
2 425 818 3133 TytCash,6271804.0,5,0,0.00031889,0.00148283
.,6271513.0,6,0,0.00478353,0.31890231
000 000 416 CryptoHome,6270122.0,9,0,0.00159487,0.00797417
.,6265137.0,5,0,0.00255381,0.79806717
000 000 1265 Paxbit,6264864.0,3,0,0.0008,0.0032
.,6262273.0,6,0,0.003,1.03796182
.,6261652.0,1,0,0.0025,3
.,6261032.0,2,0,0.003,3.19436168
0 000 000 6776 GoldenGate,6260645.0,9,0,0.025,20
8 177 521 1209 Пандпэй,6238129.0,8,0,0.005466,30
3 331 396 1 2842 Cooperation,6234793.0,3,0,0.00080195,0.16039026
.,6234700.0,6,0,0.01603927,0.08019633
.,6234304.0,1,0,0.00703325,0.2813298
8 803 366 779 CriptHub,6234073.0,9,0,0.00160409,0.02406132
01 000 000 7161 YesObmen,6221444.0,5,0,0.00642881,0.56252115
000 000 3796 Киты,6220138.0,3,0,0.00482304,10
.,6220137.0,2,0,0.0016,0.0482
57 262 266 5796 Обменко,6218934.0,4,0,0.00659219,0.56274814
000 000 10674 Искра,6206580.0,1,0,0.00161119,0.16111933
000 000 154 Касса,6198312.0,6,0,0.00484404,0.12917428
3 272 522 16987 01bit,6192538.0,1,0,0.00403712,0.04037117
0 000 000 72 EuroBit,6192291.0,1,0,0.0048,0.1615
.,6190480.0,9,0,0.0055,0.99
18 534 170 893 Fastify,6185575.0,1,0,0.001,4.85
чем на 15 мин.,6184670.0,1,0,0.001617,0.032338
.,6176291.0,1,0,0.0081,1.61909
00 335 787 468 CoinDrop,6173267.0,1,0,0.01133921,0.04859663
000 000 21074 StoreBucks,6171808.0,1,0,0.00324038,16.2
00 000 000 6796 Global-Ex,6166373.0,1,0,0.0013,0.0066
78 352 432 3425 CurreX,6164098.0,5,0,0.00161,0.016223
9 575 280 245 CryptoGin,6163932.0,4,0,0.00162234,0.04867024
942 637 1347 Е-Банк,6162376.0,2,0,0.0032455,0.32455013
.,6162126.0,9,0,0.00486845,0.16228166
519 906 670 CoinsBlack,6159956.0,9,0,0.0031,0.0979
.,6159956.0,1,0,0.00161,0.016234
1 563 778 1407 YaObmen,6142128.0,5,0,0.004,0.08603148
28 416 3927 PinPin,6118248.0,9,0,0.00081723,0.01307564
.,6117416.0,3,0,0.016347,0.555151
.,6113573.0,2,0,0.01635705,1.63570468
0 000 000 1141 CryptoGene,6112758.0,2,0,0.00016359,0.03271845
0 473 859 879 LunaBit,6112758.0,1,0,0.00163592,0.19631072
5 000 000 762 DoctorBit,6112758.0,2,0,0.00817961,4.20230804
чем на 40 мин.,6110258.0,3,0,0.00073647,0.06546369
333 333 3287 ЗеленаяСвеча,6110142.0,1,0,0.00490987,0.16366232
1 881 989 6790 CryptoYes,6107552.0,1,0,0.02947171,2.45597588
5 000 000 2043 Carlos-Exchange,6106491.0,1,0,0.0071,0.2664
0 000 000 1941 EpiChange,6105541.0,2,0,0.000822,0.057325
81 630 339 5976 Bitcoff,6104993.0,1,0,0.014,0.04
6 000 000 564 I-Obmen,6104983.0,1,0,0.000819,0.16380062
16 422 610 13010 RoyalCash,6104194.0,7,0,0.00081911,15.7
5 544 704 1990 ExLine,6104069.0,6,0,0.000819,0.040956
36 764 5592 Xchange,6103798.0,4,0,0.00081916,31.4
9 635 228 8098 BlaBlaMoney,6101818.0,7,0,0.00081943,15.7
722 750 1829 HodlBase,6096005.0,6,0,0.18,0.25
956 591 127 BTchange,6087239.0,3,0,0.00492834,0.49283428
600 000 4461 BelkaPay,6083718.0,5,0,0.00986239,0.89395232
438 554 2640 CryptoLavka,6083307.0,1,0,0.00098631,0.08219214
689 381 1589 БухтаОбмена,6082195.0,1,0,0.00493243,0.73986452
2 676 874 7663 CoinCat,6078330.0,2,0,0.00403699,0.07427581
7 400 421 13214 Ex-Money,6106069143.0,7,0,0.00241185,1
542 628 1555 CrystalMoney,6068588.0,1,0,0.00082391,10.58
14 937 201 528 UmaPay,6061068.0,3,0,0.000825,0.148489
1 573 033 838 LasloBit,6056909.0,9,0,0.00041275,0.16014769
70 000 9145 BTCRotor,6046788.0,7,0,0.00080488,0.161
.,6046655.0,1,0,0.00082674,0.49614209
5 659 057 10984 ProstovCash,5706044832.0,3,0,0.00082715,1
24 840 856 8327 Cashalot,6043271.0,7,0,0.01158313,0.04964199
14 412 1556 AltinBit,6042903.0,3,0,0.00084397,0.16548337
4 409 978 668 ОбменкаSU,6040305.0,5,0,0.0004,0.01655546
отсутствует прямой обмен.,6037732.0,1,0,0.00033125,0.04140627
00 000 000 1 17686 Murex,6036435.0,1,0,0.00496982,0.01656607
4 936 547 271 NorthCapital,6035504.0,1,0,0.00165686,0.04970587
216 072 173 NicexChanger,6034259.0,1,0,0.00080491,0.161
3 247 079 6586 AltSwap,6034093.0,3,0,0.00149908,5.474
8 349 292 370 MultiXchange,6033555.0,5,0,0.00129,200
0 174 307 7049 YChanger,6106030394.0,7,0,0.00241464,1
543 431 9262 MChanger,6029944.0,4,0,0.00160072,0.80036081
4 857 779 2389 Монеткинс,6029068.0,7,0,0.00080154,0.5533
896 532 334 NordChange,6027501.0,2,0,0.0003863,0.161
2 685 741 1612 4ange,6027273.0,9,0,0.00095937,0.5549
90 000 1034 Sunduk,6025500.0,9,0,0.0006,0.01643017
886 179 5385 EasySwap,6021794.0,3,0,0.00096111,0.801
.,6020855.0,3,0,0.0016609,0.0116263
.,6020535.0,4,0,0.004,0.5
20 797 508 375 BaksMan,6018893.0,1,0,0.00160325,0.801
5 741 995 7858 FloatChange,6016468.0,1,0,0.00099726,0.08310523
2 820 496 4597 Эльвира,6015044.0,4,0,0.00038237,0.04987494
55 567 1021 16Tonn,6011872.0,6,0,0.00166338,0.04990126
177 709 2080 X-Order,6008334.0,2,0,0.00332871,0.16643547
0 782 456 1389 24PayBank,6005043.0,4,0,0.00083263,15.7
7 098 933 6629 Cryptojet,6004716.0,3,0,0.00166536,0.04996073
455 605 1577 CoinBlinker,5996273.0,2,0,0.00038639,0.805
83 289 758 2905 AbcObmen,5995910.0,2,0,0.0003858,6.68
0 000 000 5643 BTCWorm,5995875.0,1,0,0.00038599,1.61
50 816 797 630 Сова,5994833.0,1,0,0.000083,13.89
91 185 130 86327 Метка,5994833.0,7,0,0.000083,13.89
7 912 541 16598 Альткоин,5989106.0,9,0,0.000083,13.89
29 654 559 18614 Z-Exchange,5984940.0,9,0,0.0003,0.00250629
4 937 1303 RealExchange,5983116.0,8,0,0.00334274,0.08356849
6 127 143 539 CoinStart,5982105.0,1,0,0.000334,15
.,5977386.0,8,0,0.00079516,0.04868348
352 300 7272 Банкомат,5966888.0,6,0,0.00040236,100
.,5963604.0,1,0,0.00194681,0.03244682
9 191 829 1523 OneMoment,5937558.0,4,0,0.000168,15
чем на 20 мин.,5931268.0,3,0,0.00077894,0.16227828
785 000 8194 60сек,5922889.0,7,0,0.00145,24.3
543 431 6136 CoinTok,5919576.0,6,0,0.00051,0.033786
90 000 1085 BitObmen,5919567.0,4,0,0.00033786,0.01689313
48 623 1008 Pocket-Exchange,5918466.0,2,0,0.000253,0.05
92 641 237 56994 Coinfy,5918466.0,5,0,0.000084,10
3 933 110 4068 Депо,5918466.0,8,0,0.000084,13.89
1 358 625 147 Crypik,5911308.0,5,0,0.01,0.5
149 835 1406 Муха,5894340.0,2,0,0.00034,0.0168
587 951 8171 CoinChanger,5892573.0,7,0,0.00255,0.10182
593 718 4870 Котлета,5886918.0,2,0,0.000357,15
125 468 625 12688 ExWhite,5872369.0,9,0,0.00255,0.10217
492 148 4907 Tarifex,5872369.0,6,0,0.00093455,0.02803643
0 935 910 605 ExHub,5868066.0,1,0,0.00256,0.10225
1 147 233 35101 Арбуз,5865721.0,7,0,0.00256,0.10229
803 063 3935 Bitality,5855735.0,7,0,0.00324468,100
667 172 3224 Ферма,5854827.0,2,0,0.000342,10
7 089 449 52012 BitFlaming,5852710.0,1,0,0.00324636,0.08115898
711 351 1358 Kursov24,5852565.0,4,0,0.00081161,0.12985759
054 793 1222 ПоТеме,5823421.0,3,0,0.015,2
10 628 790 2119 Tuco,5798827.0,6,0,0.0017,0.1724
921 366 1299 Крипта,5791187.0,9,0,0.000432,15
83 911 524 86008 X-Obmen,5779818.0,2,0,0.008,0.4
.,5750846.0,3,0,0.00017389,0.26083119
120 000 745 CoinPayMaster,5670817.0,7,0,0.00486702,0.08111706
930 678 4008 CosmoChanger,5670817.0,1,0,0.00324468,0.16223412
взимаемая с получаемой валюты.,5658976.0,1,0,0.002,0.2069
209 840 2500 ChangerBiz,5644305.0,7,0,0.0016,0.01411224
.,5636436.0,2,0,0.01774153,3.90570636
2 014 265 4220 X-Capital,5598759.0,2,0,0.001,0.47428452
655 405 392 BestKurs24,5579976.0,2,0,0.00107527,0.16129102
675 654 5160 Perfect-Change,5564754.0,9,0,0.0001815,0.5
4 188 100 1777 LovanPay,5547538.0,5,0,0.0009734,0.01622341
716 207 1841 BTC-Волга,5521435.0,1,0,0.00009056,0.18111234
000 000 617 ExpoChange,5502917.0,1,0,0.001,0.2
830 774 755 BitCash,5438963.0,2,0,0.005,0.02
341 488 568 IziBTC,5422854.0,1,0,0.001,1
5 125 000 5044 MisterBit,5410152.0,2,0,0.0055451,0.1829893
536 700 467 BTC-Обменник,5394000.0,1,0,0.0002,2
8 318 226 1752 Cash-Bit,5348903.0,1,0,0.00017,0.2
1 095 649 3430 WMBlr,5239889.0,2,0,0.00010401,0.0026804
06 712 1678 Crypto-Trans,5145546.0,1,0,0.00015,0.2
взимаемая с получаемой валюты.,5082396.0,1,0,0.001,0.01966789
366 038 248 Ru-Change,4980608.0,3,0,0.00020078,7.56941575
7 700 294 2272 Coin-Bank,4919119.0,1,0,0.00020329,25.23
24 092 398 2055 GrumBot,4735578.0,8,0,0.00021539,0.0084467
Данный обменный пункт работает в ручном или полуавтоматическом режиме.,6329635.0,1,0,0.0023698,0.02369805
12 576 543 6274 BitBuy,6329635.0,3,0,0.00157987,1.0269155
118 348 766 5650 Crypto-Polis,6329635.0,1,0,0.00248451,0.41408505
Данный обменный пункт работает в ручном или полуавтоматическом режиме.,6329635.0,3,0,0.0157987,1.57987
0 000 000 2421 LelekaCash,6329635.0,5,0,0.00394968,0.15498525
Данный обменный пункт работает в ручном или полуавтоматическом режиме.,6329635.0,9,0,0.0035,0.0237
94 331 112 1391 Терминал,6329635.0,1,0,0.00157987,0.0157987
0 866 679 895 Ganesh,6329635.0,5,0,0.00157987,0.02369805
000 000 317 Гроза,6329635.0,3,0,0.00129,0.008
3 871 677 254 Bankomat001,6329635.0,3,0,0.00157987,0.00631948
000 000 163 Dmoney,6329635.0,3,0,0.002369,0.031
000 000 55 ChangeExpert,6329501.0,4,0,0.00552966,0.15799035
Данный обменный пункт работает в ручном или полуавтоматическом режиме.,6328874.0,1,0,0.002,0.008
1 BTC от 0.00079 до 0.00794 6 299 530 RUB Карта 62 898 346 13377 XMoney,6299530.0,1,0,0.0032,0.1587
Данный обменный пункт работает в ручном или полуавтоматическом режиме.,6299530.0,8,0,0.00128,0.00687
5 111 726 1021 More-Ex,6291212.0,2,0,0.00158952,0.07947594
778 979 2356 Papa-Change,6286389.0,6,0,0.00079537,0.00795353
991 488 923 9538 R2Exchange,6286389.0,1,0,0.002885,0.007212
3 625 945 651 FlashObmen,6285575.0,3,0,0.0007955,0.0079546
4 137 628 8575 24Obmin,6279317.0,3,0,0.00318506,0.0637012
Данный обменный пункт работает в ручном или полуавтоматическом режиме.,6279314.0,1,0,0.0022,0.0089
Данный обменный пункт работает в ручном или полуавтоматическом режиме.,6270294.0,2,0,0.00318964,0.31896429
0 000 000 84 CoinClick,6268146.0,7,0,0.00096135,0.00480676
773 033 11995 Обмен24,6268138.0,1,0,0.00478611,0.0797685
21 901 403 2006 Касса,6267728.0,6,0,0.00478137,0.12750307
Данный обменный пункт работает в ручном или полуавтоматическом режиме.,6256152.0,8,0,0.0023,0.0224
Данный обменный пункт работает в ручном или полуавтоматическом режиме.,6247831.0,2,0,0.003,3.20111071
чем на 30 мин.,6247553.0,1,0,0.006242,0.080031
2 370 000 1196 AtlasCash,6247553.0,4,0,0.00320125,0.03521379
100 000 487 ProfiCash,6247540.0,9,0,0.00320126,0.0320126
чем на 20 мин.,6247540.0,5,0,0.004802,0.088035
222 905 196 GetBit,6247284.0,1,0,0.00240151,1.60100843
Данный обменный пункт работает в ручном или полуавтоматическом режиме.,6247284.0,1,0,0.0025,3
8 741 852 4461 ObmennCom,6246333.0,1,0,0.00304178,0.02881691
2 645 000 669 Искра,6239167.0,1,0,0.00160278,0.16027782
000 000 159 CoolCoin,6239009.0,1,0,0.006058,30
1 BTC от 0.00240422 до 0.02404228 6 239 009 RUB Карта 6 120 000 1133 BitHunter,6239008.0,1,0,0.01,0.01602819
0 000 000 1741 Z-Obmen,6239008.0,8,0,0.00160282,0.03125497
7 390 500 1382 Easyex,6239008.0,2,0,0.00320564,0.0336592
0 000 000 506 Cryptonet,6239008.0,4,0,0.00320564,0.03285779
0 000 000 406 CryptoSell,6239008.0,1,0,0.00160282,0.02644651
Данный обменный пункт работает в ручном или полуавтоматическом режиме.,6238245.0,6,0,0.003,1.0419598
Данный обменный пункт работает в ручном или полуавтоматическом режиме.,6237402.0,1,0,0.01603232,1.60323167
Данный обменный пункт работает в ручном или полуавтоматическом режиме.,6237133.0,5,0,0.02,0.5
Данный обменный пункт работает в ручном или полуавтоматическом режиме.,6235157.0,6,0,0.00481143,0.32076175
000 000 419 FastChange,6235118.0,2,0,0.0064,0.3208
6 345 466 5717 AllCash,6235118.0,3,0,0.0032,0.2406
Данный обменный пункт работает в ручном или полуавтоматическом режиме.,6235118.0,5,0,0.00256611,0.80190946
Данный обменный пункт работает в ручном или полуавтоматическом режиме.,6231827.0,1,0,0.005,1.99392862
2 425 818 3133 ExchangeBro,6230885.0,3,0,0.00152466,0.01123436
8 164 487 527 StoreBucks,6230539.0,1,0,0.00320983,16.05
00 000 000 6805 GramBit,6229268.0,9,0,0.005193,1
Данный обменный пункт работает в ручном или полуавтоматическом режиме.,6221772.0,1,0,0.01607259,1.60725907
Данный обменный пункт работает в ручном или полуавтоматическом режиме.,6218403.0,5,0,0.00081211,0.0160813
чем на 40 мин.,6191056.0,2,0,0.0021,0.08076167
3 895 174 92266 X-Pay,6191056.0,4,0,0.0021,0.11306634
7 257 413 5998 GeekChange,6190744.0,8,0,0.0006,0.3703
чем на 60 мин.,6175856.0,7,0,0.00323842,0.05667231
00 000 3189 Пандпэй,6175856.0,8,0,0.005564,30
3 331 396 1 2842 Bixter,6172838.0,1,0,0.0032,0.162
9 029 401 2461 SwapCoin,6171301.0,1,0,0.0049,0.4861
7 376 851 2434 ChangeProject,6167278.0,1,0,0.005564,30
24 045 879 7829 OneClick24,6167278.0,3,0,0.00324292,0.06485843
000 000 1146 FreeChange,6158690.0,1,0,0.00165634,0.0082817
11 960 944 3339 EuroBit,6154213.0,1,0,0.0049,0.1625
3 892 289 3399 24Exchange,6153949.0,3,0,0.01214688,0.08097919
2 532 222 54 PremierCash,6150928.0,2,0,0.00812885,3.01366684
0 791 250 2164 AllTop,6149688.0,1,0,0.007317,2.979748
8 324 522 1561 AvanChange,6147949.0,3,0,0.0017,0.064
003 749 11202 Crypster,6145090.0,4,0,0.0016,0.0049
Данный обменный пункт работает в ручном или полуавтоматическом режиме.,6144714.0,1,0,0.01139191,0.81370758
Данный обменный пункт работает в ручном или полуавтоматическом режиме.,6141143.0,9,0,0.0055,0.99
Данный обменный пункт работает в ручном или полуавтоматическом режиме.,6124761.0,1,0,0.00816,1.63272
00 335 787 468 GoldenGate,6123829.0,9,0,0.025,20
8 177 521 1212 ExpressMoney,6121760.0,9,0,0.00163352,0.00816742
222 452 1763 КупиБит,6120531.0,9,0,0.00163385,0.00816906
223 405 10566 YesObmen,6120006.0,5,0,0.00653594,0.57189494
Данный обменный пункт работает в ручном или полуавтоматическом режиме.,6118793.0,1,0,0.00703325,0.2813298
8 803 366 779 Обменко,6117537.0,4,0,0.00670271,0.57218293
000 000 10677 CryptoHome,6116228.0,9,0,0.00163499,0.00817481
Данный обменный пункт работает в ручном или полуавтоматическом режиме.,6113149.0,6,0,0.01635818,0.08179091
870 307 3735 ColibriPay,6112222.0,4,0,0.00056079,0.00480676
843 011 1008 CriptHub,6111958.0,9,0,0.00163614,0.00818068
01 000 000 7169 ExFMpro,6110602.0,5,0,0.0081825,9.62963077
8 842 840 17 Cooperation,6110181.0,3,0,0.00081831,0.16366126
24 234 324 277 Киты,6096059.0,3,0,0.00492121,10
350 000 3 CoinDrop,6083187.0,1,0,0.01150713,0.04931625
000 000 21088 Paxbit,6083042.0,3,0,0.0008,0.0033
641 600 35 Империал,6081307.0,5,0,0.00018198,0.01819783
Данный обменный пункт работает в ручном или полуавтоматическом режиме.,6080066.0,1,0,0.0057547,0.21374609
00 000 000 9859 Fastify,6077777.0,1,0,0.001,4.94
Данный обменный пункт работает в ручном или полуавтоматическом режиме.,6066306.0,2,0,0.0164845,1.64844965
чем на 15 мин.,6064083.0,1,0,0.001649,0.032981
780 360 5419 SpbWMCasher,6063190.0,1,0,0.006266,0.2308528
500 000 3384 Global-Ex,6061294.0,1,0,0.0013,0.0066
78 335 065 3433 Е-Банк,6053607.0,2,0,0.00330382,0.33038154
500 000 1016 Феникс,6053220.0,4,0,0.0009616,0.00560931
030 597 11480 CryptoYes,6049067.0,1,0,0.02975665,2.47972112
5 000 000 2045 CurreX,6046897.0,5,0,0.001645,0.016537
9 575 280 246 CoinsBlack,6039360.0,9,0,0.003125,0.1
чем на 20 мин.,6037931.0,3,0,0.00079504,0.16563402
Данный обменный пункт работает в ручном или полуавтоматическом режиме.,6037931.0,8,0,0.00081161,0.04969021
352 300 7273 CryptoGin,6036165.0,4,0,0.00165668,0.04970043
Данный обменный пункт работает в ручном или полуавтоматическом режиме.,6036031.0,1,0,0.001643,0.016567
1 563 778 1407 01bit,6034827.0,1,0,0.00414262,0.04142621
1 BTC от 0.00497375 до 0.16579164 6 031 667 RUB Карта 9 519 906 673 CryptoLavka,6025702.0,1,0,0.00099573,0.08297788
Данный обменный пункт работает в ручном или полуавтоматическом режиме.,6024746.0,3,0,0.016598,0.56369
396 090 3122 YaObmen,6020514.0,5,0,0.004,0.08776931
Данный обменный пункт работает в ручном или полуавтоматическом режиме.,6006355.0,2,0,0.01664903,1.66490327
0 000 000 3691 PinPin,5993569.0,9,0,0.00083423,0.01334764
отсутствует прямой обмен.,5992697.0,1,0,0.00033374,0.04171744
чем на 40 мин.,5989859.0,3,0,0.00075127,0.06677954
333 333 3291 Pocket-Exchange,5989600.0,2,0,0.00025,0.05
92 496 075 56994 ЗеленаяСвеча,5989600.0,1,0,0.00500868,0.16695606
1 881 989 6790 БухтаОбмена,5987353.0,1,0,0.00501056,0.75158425
2 676 874 7670 RoyalCash,5986802.0,7,0,0.00083517,16
5 537 664 1991 CryptoGene,5986261.0,2,0,0.00016705,0.03340983
0 473 859 895 LunaBit,5986261.0,1,0,0.00167049,0.200459
5 000 000 766 DoctorBit,5986261.0,2,0,0.00835246,4.29110786
5 687 694 231 Carlos-Exchange,5986039.0,1,0,0.0071,0.2664
0 000 000 1945 BlaBlaMoney,5985945.0,7,0,0.00083568,16.1
713 250 1830 ExLine,5984878.0,6,0,0.000835,0.041772
36 764 5592 I-Obmen,5983611.0,1,0,0.00083562,0.16712316
16 586 824 13012 Bitcoff,5983140.0,1,0,0.014,0.04
6 000 000 564 EpiChange,5982662.0,2,0,0.000839,0.058502
81 741 792 5978 BelkaPay,5982418.0,5,0,0.01002939,0.94415348
648 321 2640 Xchange,5981691.0,4,0,0.00083588,32.1
9 615 389 8100 HodlBase,5971770.0,6,0,0.18,0.25
956 591 128 LasloBit,5963878.0,9,0,0.00041919,0.16264584
70 000 9146 CoinCat,5959557.0,2,0,0.00411024,0.11435302
7 825 291 13224 X-Order,5958118.0,2,0,0.00335676,0.16783822
0 782 456 1397 Ex-Money,6405958101.0,7,0,0.00246344,1
544 426 1555 CrystalMoney,5952078.0,1,0,0.00084004,10.58
14 957 701 528 ОбменкаSU,5947218.0,5,0,0.0004,0.01681458
350 285 1073 UmaPay,5939084.0,3,0,0.000842,0.151539
1 628 533 838 BTchange,5932424.0,3,0,0.00505696,0.50569551
600 000 4462 BTCRotor,5929032.0,7,0,0.00082073,0.164
Данный обменный пункт работает в ручном или полуавтоматическом режиме.,5926931.0,1,0,0.00084344,0.50616414
5 659 057 10986 Cashalot,5924344.0,9,0,0.01181565,0.05063852
68 868 1562 AltinBit,5924344.0,3,0,0.00086085,0.16879505
4 409 978 668 Sunduk,5924213.0,9,0,0.0006,0.01671108
806 155 5385 NicexChanger,5921758.0,1,0,0.0008206,0.164
3 216 299 6587 ProstovCash,6105921252.0,3,0,0.00084442,1
24 965 653 8328 YChanger,6405920663.0,7,0,0.00246069,1
544 867 9263 MultiXchange,5918332.0,5,0,0.00131,200
0 174 307 7054 Банкомат,5915413.0,6,0,0.00041056,100
0 926 972 4536 Murex,5915203.0,1,0,0.00507168,0.01690559
4 936 547 271 4ange,5913762.0,9,0,0.00098107,0.5549
90 000 1034 Монеткинс,5913131.0,7,0,0.00081749,0.5533
Данный обменный пункт работает в ручном или полуавтоматическом режиме.,5912711.0,3,0,0.0016913,0.0118389
561 286 945 AltSwap,5912659.0,3,0,0.00149908,5.474
8 349 292 371 NordChange,5912292.0,2,0,0.00039402,0.164
2 685 741 1612 NorthCapital,5910606.0,1,0,0.00169187,0.05075622
216 072 173 EasySwap,5907306.0,3,0,0.00098102,0.817
9 157 021 691 BaksMan,5906314.0,1,0,0.00163499,0.817
5 741 995 7859 Эльвира,5895609.0,4,0,0.00039012,0.05088533
Данный обменный пункт работает в ручном или полуавтоматическом режиме.,5894499.0,4,0,0.004,0.5
20 797 508 377 16Tonn,5892904.0,6,0,0.00169696,0.05090868
177 709 2081 FloatChange,5892726.0,1,0,0.0010182,0.08485037
2 820 496 4599 24PayBank,5890278.0,4,0,0.00084886,16.1
7 098 933 6630 Cryptojet,5886927.0,3,0,0.00169868,0.05096037
455 605 1588 AbcObmen,5881958.0,2,0,0.00039438,6.81
0 000 000 5645 CoinBlinker,5881816.0,2,0,0.00039442,0.822
83 279 758 2911 Сова,5877295.0,1,0,0.000085,13.89
91 185 130 86337 Метка,5877295.0,7,0,0.000085,13.89
6 912 541 16607 BTCWorm,5874098.0,1,0,0.00039413,1.64
50 799 124 630 Альткоин,5870517.0,9,0,0.000085,13.89
28 654 559 18623 RealExchange,5864817.0,8,0,0.00341017,0.08525416
6 127 143 539 CoinStart,5863655.0,1,0,0.000341,15
5 870 052 35370 Z-Exchange,5862308.0,9,0,0.0003,0.00255872
4 937 1304 60сек,5849498.0,7,0,0.00148,24.8
Данный обменный пункт может запросить верификацию документов клиента или приостановить обмен для проверки других данных.,5839990.0,1,0,0.00198802,0.03313362
9 191 829 1523 OneMoment,5821142.0,4,0,0.000172,15
0 000 000 49824 Crypik,5805715.0,5,0,0.01,0.5
149 835 1406 ExWhite,5804601.0,7,0,0.00258,0.10337
142 627 4911 CoinChanger,5804601.0,5,0,0.00258,0.10337
724 982 4870 CoinTok,5802906.0,6,0,0.00051,0.034465
90 000 1085 Coinfy,5802425.0,5,0,0.000086,10
4 416 521 4082 Депо,5802425.0,8,0,0.000086,13.89
0 358 625 151 BitObmen,5802028.0,4,0,0.00034471,0.01723535
32 717 1008 ExHub,5798223.0,8,0,0.00259,0.10348
403 091 35110 Арбуз,5797643.0,5,0,0.00259,0.10349
882 164 3937 Муха,5774741.0,2,0,0.00035,0.01714
587 951 8171 Котлета,5770352.0,2,0,0.000364,15
125 468 625 12707 Tarifex,5760711.0,6,0,0.00093455,0.02803643
0 935 910 606 Ферма,5740033.0,2,0,0.000348,10
7 089 449 52015 Kursov24,5736958.0,4,0,0.00082796,0.13247438
054 793 1222 BitFlaming,5736133.0,1,0,0.00331234,0.0828084
711 351 1361 Bitality,5734357.0,7,0,0.00331336,100
681 272 3228 24Обмен,5713153.0,3,0,0.000973,0.096
82 379 1673 ПоТеме,5709289.0,3,0,0.015,2
10 628 790 2121 Крипта,5677642.0,1,0,0.00044,15
051 338 574 86031 X-Obmen,5669577.0,2,0,0.008,0.4
Данный обменный пункт работает в ручном или полуавтоматическом режиме.,5662041.0,3,0,0.00017661,0.26492212
взимаемая с получаемой валюты.,5577142.0,1,0,0.002,0.2099
209 840 2500 Tuco,5563724.0,6,0,0.0018,0.1797
921 366 1299 CoinPayMaster,5553272.0,7,0,0.00497004,0.08283405
930 678 4009 CosmoChanger,5553272.0,1,0,0.00331336,0.1656681
870 175 1609 ChangerBiz,5536406.0,7,0,0.0016,0.01350465
Данный обменный пункт работает в ручном или полуавтоматическом режиме.,5535145.0,2,0,0.01806619,3.97717921
2 014 265 4220 ExpoChange,5516384.0,1,0,0.001,0.2
830 774 755 X-Capital,5487067.0,2,0,0.001,0.48393885
655 405 392 BestKurs24,5469453.0,2,0,0.001097,0.16455028
675 654 5163 BTC-Волга,5434822.0,1,0,0.000092,0.18399866
000 000 617 LovanPay,5433780.0,5,0,0.00099378,0.01656306
716 207 1842 Perfect-Change,5426629.0,9,0,0.00018612,0.5
4 188 100 1777 BTC-Обменник,5394000.0,1,0,0.0002,2
8 363 226 1752 BitCash,5319789.0,2,0,0.005,0.02
341 488 568 IziBTC,5313101.0,1,0,0.001,1
5 125 000 5044 Cash-Bit,5241856.0,1,0,0.00017,0.2
взимаемая с получаемой валюты.,5214541.0,6,0,0.000365,0.05
0 000 1477 WMBlr,5158502.0,2,0,0.00010565,0.00272269
взимаемая с получаемой валюты.,5075594.0,1,0,0.001,0.01969425
366 038 248 Crypto-Trans,5042569.0,1,0,0.00015,0.2
0 760 400 2417 Ru-Change,4883966.0,3,0,0.00020475,7.71919602
7 700 294 2272 Coin-Bank,4823671.0,1,0,0.00020731,25.73
24 092 398 2055 GrumBot,4644274.0,8,0,0.00021963,0.00861276
Резерв Отзывы BitBuy,6329635.0,3,0,0.00157987,1.0269155
118 348 766 5650 Crypto-Polis,6329635.0,1,0,0.0024838,0.41396739
Данный обменный пункт работает в ручном или полуавтоматическом режиме.,6329635.0,1,0,0.002,0.008
Данный обменный пункт работает в ручном или полуавтоматическом режиме.,6329635.0,3,0,0.0157987,1.57987
0 000 000 2421 LelekaCash,6329635.0,5,0,0.00394968,0.15498525
Данный обменный пункт работает в ручном или полуавтоматическом режиме.,6329635.0,9,0,0.0035,0.0237
94 331 112 1391 Терминал,6329635.0,1,0,0.00157987,0.0157987
0 866 679 895 ExchangeBro,6329635.0,3,0,0.00150088,0.01105909
8 164 487 527 Ganesh,6329635.0,5,0,0.00157987,0.02369805
000 000 317 Гроза,6329635.0,3,0,0.00129,0.008
3 871 677 254 Bankomat001,6329635.0,3,0,0.00157987,0.00631948
000 000 163 Dmoney,6329635.0,3,0,0.002369,0.031
000 000 55 ChangeExpert,6329501.0,4,0,0.00552966,0.15799035
Данный обменный пункт работает в ручном или полуавтоматическом режиме.,6328844.0,1,0,0.0023701,0.02370101
1 BTC от 0.00079 до 0.00794 6 300 347 RUB Карта 62 898 346 13377 Papa-Change,6299530.0,6,0,0.00079371,0.00793694
991 488 923 9538 FlashObmen,6299530.0,3,0,0.0007937,0.0079369
4 137 628 8575 XMoney,6299530.0,1,0,0.0032,0.1587
Данный обменный пункт работает в ручном или полуавтоматическом режиме.,6299530.0,8,0,0.00128,0.00687
5 111 726 1021 R2Exchange,6299530.0,1,0,0.002885,0.007212
3 625 945 651 24Obmin,6292237.0,3,0,0.00317852,0.0635704
0 432 350 3910 More-Ex,6284679.0,2,0,0.00159117,0.07955856
Данный обменный пункт работает в ручном или полуавтоматическом режиме.,6277734.0,1,0,0.0022,0.0089
07 332 718 5438 Обмен24,6272188.0,1,0,0.00478302,0.079717
21 901 403 2006 Касса,6267728.0,6,0,0.00478643,0.12763796
Данный обменный пункт работает в ручном или полуавтоматическом режиме.,6266901.0,2,0,0.00319137,0.319137
Данный обменный пункт работает в ручном или полуавтоматическом режиме.,6254285.0,8,0,0.0023,0.0224
Данный обменный пункт работает в ручном или полуавтоматическом режиме.,6250968.0,2,0,0.003,3.19950433
Данный обменный пункт работает в ручном или полуавтоматическом режиме.,6250421.0,1,0,0.0025,3
1 BTC от 0.00800102 до 0.48006131 6 249 202 RUB Карта 3 432 523 1028 ObmennCom,6249201.0,1,0,0.00304039,0.02880368
чем на 20 мин.,6249063.0,5,0,0.004801,0.088013
222 905 196 AtlasCash,6248523.0,4,0,0.00320076,0.03520832
100 000 487 ProfiCash,6248523.0,9,0,0.00320076,0.03200757
99 999 999 463 GetBit,6247554.0,1,0,0.00240151,1.60100843
чем на 30 мин.,6247554.0,1,0,0.006242,0.080031
Данный обменный пункт работает в ручном или полуавтоматическом режиме.,6243974.0,9,0,0.00800772,0.15601474
Данный обменный пункт работает в ручном или полуавтоматическом режиме.,6241377.0,6,0,0.003,1.04143692
500 000 3873 CoolCoin,6241063.0,1,0,0.006062,30
74 040 000 2979 Z-Obmen,6239671.0,8,0,0.00160265,0.03125165
7 390 500 1382 Cryptonet,6239671.0,4,0,0.0032053,0.0328543
0 000 000 406 CryptoSell,6239671.0,1,0,0.00160265,0.0264437
0 000 000 240 Easyex,6239670.0,2,0,0.0032053,0.03365563
0 000 000 506 BitHunter,6239008.0,1,0,0.01,0.01602819
Данный обменный пункт работает в ручном или полуавтоматическом режиме.,6239008.0,5,0,0.02,0.5
000 000 1656 FastChange,6237712.0,2,0,0.0064,0.3206
6 345 466 5717 AllCash,6237712.0,3,0,0.0032,0.2405
4 522 842 2915 Искра,6236598.0,1,0,0.00160344,0.16034382
Данный обменный пункт работает в ручном или полуавтоматическом режиме.,6234956.0,1,0,0.005,1.99292803
Данный обменный пункт работает в ручном или полуавтоматическом режиме.,6233972.0,1,0,0.01604114,1.60411359
Данный обменный пункт работает в ручном или полуавтоматическом режиме.,6232978.0,5,0,0.00256699,0.80218474
Данный обменный пункт работает в ручном или полуавтоматическом режиме.,6231586.0,6,0,0.00481418,0.32094558
000 000 419 StoreBucks,6226917.0,1,0,0.0032117,16.06
1 BTC от 0.00160719 до 0.03214399 6 223 349 RUB Карта 6 000 000 3730 GramBit,6223348.0,9,0,0.005196,1
Данный обменный пункт работает в ручном или полуавтоматическом режиме.,6223348.0,1,0,0.01606852,1.60685221
Данный обменный пункт работает в ручном или полуавтоматическом режиме.,6202743.0,5,0,0.00081416,0.0161219
43 695 4 CoinClick,6202706.0,7,0,0.0009618,0.00480899
чем на 40 мин.,6194307.0,2,0,0.0021,0.08071927
3 992 090 92266 X-Pay,6194307.0,4,0,0.0021,0.11300699
7 257 413 5998 GeekChange,6190744.0,8,0,0.0006,0.3703
8 872 380 2481 Пандпэй,6175406.0,8,0,0.005566,30
чем на 60 мин.,6173736.0,7,0,0.00323953,0.05669176
00 000 3189 Bixter,6171688.0,1,0,0.0032,0.162
9 029 401 2461 SwapCoin,6170152.0,1,0,0.0049,0.4862
7 376 851 2434 OneClick24,6164951.0,3,0,0.00324415,0.06488292
000 000 1146 ChangeProject,6159905.0,1,0,0.005567,30
24 045 879 7829 FreeChange,6159306.0,1,0,0.00165587,0.00993522
11 960 944 3339 AvanChange,6154165.0,3,0,0.0017,0.064
003 749 11202 PremierCash,6153499.0,2,0,0.00812546,3.01240788
0 791 250 2164 EuroBit,6153067.0,1,0,0.0049,0.1625
3 892 289 3399 AllTop,6152875.0,1,0,0.007314,2.978205
8 324 522 1561 24Exchange,6151022.0,3,0,0.01214688,0.08097919
Данный обменный пункт работает в ручном или полуавтоматическом режиме.,6143496.0,9,0,0.0055,0.99
18 384 170 895 Crypster,6142728.0,4,0,0.0016,0.0049
Данный обменный пункт работает в ручном или полуавтоматическом режиме.,6141388.0,1,0,0.01139807,0.81414816
0 000 000 2356 GoldenGate,6124928.0,9,0,0.025,20
Данный обменный пункт работает в ручном или полуавтоматическом режиме.,6124749.0,1,0,0.00816,1.63272
Данный обменный пункт работает в ручном или полуавтоматическом режиме.,6118869.0,1,0,0.00703325,0.2813298
8 803 366 779 КупиБит,6118705.0,9,0,0.00163433,0.0081715
237 499 10566 ExpressMoney,6118446.0,9,0,0.0016344,0.00817185
236 475 1763 YesObmen,6117095.0,5,0,0.00653905,0.57216701
Данный обменный пункт работает в ручном или полуавтоматическом режиме.,6115557.0,6,0,0.01635174,0.0817587
870 307 3735 Обменко,6114628.0,4,0,0.00670523,0.57239788
000 000 10677 ExFMpro,6113142.0,5,0,0.0081791,9.62562945
8 842 840 17 CryptoHome,6112917.0,9,0,0.00163588,0.00817924
229 601 10897 ColibriPay,6109009.0,4,0,0.0005611,0.00480947
843 011 1008 CriptHub,6107914.0,9,0,0.00163722,0.0081861
01 000 000 7169 Cooperation,6107876.0,3,0,0.00081862,0.16372304
24 234 324 277 Киты,6097804.0,3,0,0.0049198,10
350 000 3 Paxbit,6085572.0,3,0,0.0008,0.0033
Данный обменный пункт работает в ручном или полуавтоматическом режиме.,6083000.0,1,0,0.00575642,0.21380971
00 000 000 9859 CoinDrop,6080173.0,1,0,0.01151283,0.0493407
000 000 21088 Империал,6077772.0,5,0,0.00018198,0.01819783
165 183 226 Fastify,6075611.0,1,0,0.001,4.94
чем на 15 мин.,6065807.0,1,0,0.001649,0.032972
780 360 5419 Global-Ex,6064083.0,1,0,0.0013,0.0066
78 335 065 3433 SpbWMCasher,6064083.0,1,0,0.00626911,0.23096728
Данный обменный пункт работает в ручном или полуавтоматическом режиме.,6063083.0,2,0,0.01649326,1.64932586
0 000 000 1150 CurreX,6053607.0,5,0,0.001639,0.01652
9 575 280 246 Е-Банк,6050089.0,2,0,0.00330574,0.33057367
500 000 1016 Феникс,6049823.0,4,0,0.00096214,0.00561246
Данный обменный пункт работает в ручном или полуавтоматическом режиме.,6047833.0,1,0,0.001638,0.016535
1 563 778 1407 CryptoYes,6045551.0,1,0,0.02977396,2.48116362
5 000 000 2045 CoinsBlack,6039360.0,9,0,0.003125,0.1
705 572 1909 CryptoGin,6038739.0,4,0,0.00165598,0.04967925
чем на 20 мин.,6038535.0,3,0,0.00079482,0.16558696
Данный обменный пункт работает в ручном или полуавтоматическом режиме.,6038535.0,8,0,0.00081138,0.04967609
352 300 7273 01bit,6031313.0,1,0,0.00414503,0.04145034
Данный обменный пункт работает в ручном или полуавтоматическом режиме.,6024610.0,3,0,0.016599,0.563703
396 090 3122 CryptoLavka,6022534.0,1,0,0.00099626,0.08302153
663 427 1589 YaObmen,6022107.0,5,0,0.004,0.08774609
Данный обменный пункт работает в ручном или полуавтоматическом режиме.,6002801.0,2,0,0.01665889,1.66588898
отсутствует прямой обмен.,5998119.0,1,0,0.00033344,0.04167973
00 000 000 17692 PinPin,5996301.0,9,0,0.00083385,0.01334156
445 409 121 Pocket-Exchange,5989281.0,2,0,0.00025,0.05
92 496 075 56994 ExLine,5987779.0,6,0,0.000835,0.041752
36 764 5592 Carlos-Exchange,5987631.0,1,0,0.0071,0.2664
чем на 40 мин.,5986876.0,3,0,0.00075164,0.06681281
333 333 3291 RoyalCash,5986808.0,7,0,0.00083517,16
5 537 664 1991 BlaBlaMoney,5986799.0,7,0,0.00083517,16.1
713 250 1830 БухтаОбмена,5986499.0,1,0,0.00501128,0.75169141
2 676 874 7670 ЗеленаяСвеча,5986358.0,1,0,0.00501139,0.16704646
1 881 989 6790 BelkaPay,5985704.0,5,0,0.01002388,0.94363523
648 321 2640 Bitcoff,5985459.0,1,0,0.014,0.04
6 000 000 564 Xchange,5985445.0,4,0,0.00083536,32.1
9 615 389 8100 CryptoGene,5985408.0,2,0,0.00016707,0.0334146
0 473 859 895 LunaBit,5985408.0,1,0,0.00167073,0.20048758
5 000 000 766 DoctorBit,5985408.0,2,0,0.00835365,4.29171968
5 687 694 231 EpiChange,5983847.0,2,0,0.000839,0.058491
81 741 792 5978 I-Obmen,5981198.0,1,0,0.00083595,0.16719057
16 586 824 13012 HodlBase,5977122.0,6,0,0.18,0.25
956 591 128 CoinCat,5962209.0,2,0,0.00410861,0.11430214
7 825 291 13224 X-Order,5960838.0,2,0,0.00335523,0.16776164
0 782 456 1397 LasloBit,5960411.0,9,0,0.00041943,0.16274046
70 000 9146 Ex-Money,6405958101.0,7,0,0.00246344,1
544 426 1555 CrystalMoney,5954903.0,1,0,0.00083964,10.58
14 957 701 528 ОбменкаSU,5954241.0,5,0,0.0004,0.01679475
350 285 1073 UmaPay,5940261.0,3,0,0.000842,0.151509
1 628 533 838 BTCRotor,5932247.0,7,0,0.00082073,0.164
544 426 361 BTchange,5928975.0,3,0,0.0050599,0.50598968
600 000 4462 Sunduk,5924213.0,9,0,0.0006,0.01671108
798 225 5385 ProstovCash,6105924026.0,3,0,0.00084402,1
Данный обменный пункт работает в ручном или полуавтоматическом режиме.,5923820.0,1,0,0.00084388,0.50643001
5 659 057 10986 Cashalot,5922219.0,9,0,0.01181989,0.05065669
68 868 1562 NicexChanger,5922034.0,1,0,0.0008206,0.164
3 216 299 6587 YChanger,6405921685.0,7,0,0.00246069,1
544 867 9263 AltinBit,5920937.0,3,0,0.00086135,0.1688922
4 409 978 668 Murex,5917919.0,1,0,0.00506935,0.01689783
4 936 547 271 MultiXchange,5916991.0,5,0,0.00131,200
0 174 307 7054 4ange,5916123.0,9,0,0.00097969,0.5549
90 000 1034 Монеткинс,5915979.0,7,0,0.00081749,0.5533
896 532 335 Банкомат,5915303.0,6,0,0.00041003,100
0 926 972 4536 AltSwap,5914182.0,3,0,0.00149908,5.474
Данный обменный пункт работает в ручном или полуавтоматическом режиме.,5912725.0,3,0,0.0016913,0.0118389
561 286 945 NordChange,5912099.0,2,0,0.00039402,0.164
2 685 741 1612 EasySwap,5909855.0,3,0,0.00097946,0.817
9 157 021 691 NorthCapital,5909763.0,1,0,0.00169212,0.05076346
216 072 173 BaksMan,5907306.0,1,0,0.00163499,0.816
Данный обменный пункт работает в ручном или полуавтоматическом режиме.,5898199.0,4,0,0.004,0.5
20 797 508 377 Эльвира,5893586.0,4,0,0.00039025,0.0509028
55 567 1022 24PayBank,5892111.0,4,0,0.00084859,16.1
7 098 933 6630 FloatChange,5891122.0,1,0,0.00101848,0.08487347
2 820 496 4599 16Tonn,5890478.0,6,0,0.00169766,0.05092966
177 709 2081 CoinBlinker,5881624.0,2,0,0.00039442,0.822
83 279 758 2911 AbcObmen,5880337.0,2,0,0.00039438,6.8
0 000 000 5645 Сова,5876982.0,1,0,0.000085,13.89
91 185 130 86337 Метка,5876982.0,7,0,0.000085,13.89
6 912 541 16607 BTCWorm,5874098.0,1,0,0.00039413,1.64
50 799 124 630 Альткоин,5872631.0,9,0,0.000085,13.89
28 654 559 18623 Z-Exchange,5867747.0,9,0,0.0003,0.00255635
4 937 1304 CoinStart,5864504.0,1,0,0.000341,15
5 870 052 35370 RealExchange,5863828.0,8,0,0.00341074,0.08526854
6 127 143 539 60сек,5852923.0,7,0,0.00148,24.8
Данный обменный пункт может запросить верификацию документов клиента или приостановить обмен для проверки других данных.,5842480.0,1,0,0.00198717,0.0331195
9 191 829 1523 OneMoment,5820832.0,4,0,0.000172,15
0 000 000 49824 ExWhite,5808107.0,7,0,0.00258,0.1033
142 627 4911 CoinChanger,5806675.0,5,0,0.00258,0.10333
755 786 4870 Crypik,5804203.0,5,0,0.01,0.5
149 835 1406 BitObmen,5804189.0,4,0,0.00034458,0.01722894
32 717 1008 CoinTok,5803689.0,6,0,0.00051,0.034461
90 000 1085 Coinfy,5802116.0,5,0,0.000086,10
4 416 521 4082 Депо,5802116.0,8,0,0.000086,13.89
0 358 625 151 ExHub,5801725.0,8,0,0.00259,0.10342
403 091 35110 Арбуз,5801146.0,5,0,0.00259,0.10343
882 164 3937 Муха,5776241.0,2,0,0.00035,0.01714
587 951 8171 Котлета,5771188.0,2,0,0.000364,15
125 468 625 12707 Tarifex,5763603.0,6,0,0.00093455,0.02803643
0 935 910 606 Ферма,5739727.0,2,0,0.000348,10
7 089 449 52015 Bitality,5735374.0,7,0,0.00331277,100
681 272 3228 BitFlaming,5734408.0,1,0,0.00331333,0.08284966
711 351 1361 Kursov24,5733837.0,4,0,0.00082842,0.1325465
054 793 1222 ПоТеме,5713859.0,3,0,0.015,2
10 628 790 2121 24Обмен,5713153.0,3,0,0.000973,0.096
82 379 1673 Крипта,5677339.0,1,0,0.00044,15
051 338 574 86032 X-Obmen,5669577.0,2,0,0.008,0.4
Данный обменный пункт работает в ручном или полуавтоматическом режиме.,5665272.0,3,0,0.00017651,0.26477105
взимаемая с получаемой валюты.,5579194.0,1,0,0.002,0.2099
209 840 2500 Tuco,5562688.0,6,0,0.0018,0.1798
921 366 1299 CoinPayMaster,5555639.0,7,0,0.00496793,0.08279875
930 678 4009 CosmoChanger,5555639.0,1,0,0.00331195,0.1655975
870 175 1609 ChangerBiz,5537871.0,7,0,0.0016,0.01350108
Данный обменный пункт работает в ручном или полуавтоматическом режиме.,5535309.0,2,0,0.01806566,3.97706168
2 014 265 4220 ExpoChange,5516384.0,1,0,0.001,0.2
830 774 755 X-Capital,5484657.0,2,0,0.001,0.48415148
655 405 392 BestKurs24,5473718.0,2,0,0.00109615,0.16442206
675 654 5163 BTC-Волга,5435899.0,1,0,0.00009198,0.18396222
000 000 617 LovanPay,5434865.0,5,0,0.00099359,0.01655975
716 207 1842 Perfect-Change,5428860.0,9,0,0.00018604,0.5
4 188 100 1777 BTC-Обменник,5394000.0,1,0,0.0002,2
8 363 226 1752 BitCash,5327332.0,2,0,0.005,0.02
341 488 568 IziBTC,5313678.0,1,0,0.001,1
5 125 000 5044 Cash-Bit,5242143.0,1,0,0.00017,0.2
взимаемая с получаемой валюты.,5214541.0,6,0,0.000364,0.05
0 000 1477 WMBlr,5158502.0,2,0,0.00010565,0.00272269
взимаемая с получаемой валюты.,5075594.0,1,0,0.001,0.01969425
366 038 248 Crypto-Trans,5042845.0,1,0,0.00015,0.2
0 760 400 2417 Ru-Change,4885974.0,3,0,0.00020467,7.71602379
7 700 294 2272 Coin-Bank,4825654.0,1,0,0.00020723,25.72
24 092 398 2055 GrumBot,4645032.0,8,0,0.00021959,0.00861135
1 BTC от 0.00078994 до 0.00789919 6 329 635 RUB Карта 467 859 225 12744 BitBuy,6329635.0,3,0,0.00157987,1.0269155
118 348 766 5650 Crypto-Polis,6329635.0,1,0,0.00248408,0.41401326
Данный обменный пункт работает в ручном или полуавтоматическом режиме.,6329635.0,1,0,0.002,0.008
Данный обменный пункт работает в ручном или полуавтоматическом режиме.,6329635.0,3,0,0.0157987,1.57987
0 000 000 2421 LelekaCash,6329635.0,5,0,0.00394968,0.15498525
Данный обменный пункт работает в ручном или полуавтоматическом режиме.,6329635.0,9,0,0.0035,0.0237
94 331 112 1391 Терминал,6329635.0,1,0,0.00157987,0.0157987
0 866 679 895 Ganesh,6329635.0,5,0,0.00157987,0.02369805
000 000 317 Гроза,6329635.0,3,0,0.00129,0.008
3 871 677 254 Bankomat001,6329635.0,3,0,0.00157987,0.00631948
000 000 163 Dmoney,6329635.0,3,0,0.002369,0.031
000 000 55 ChangeExpert,6329501.0,4,0,0.00552966,0.15799035
Данный обменный пункт работает в ручном или полуавтоматическом режиме.,6328844.0,8,0,0.00128,0.00687
Данный обменный пункт работает в ручном или полуавтоматическом режиме.,6328218.0,1,0,0.00237034,0.02370336
1 BTC от 0.00079 до 0.00794 6 299 530 RUB Карта 62 898 346 13377 Papa-Change,6299530.0,6,0,0.00079371,0.00793694
991 488 923 9538 XMoney,6299530.0,1,0,0.0032,0.1587
40 995 925 2512 FlashObmen,6293052.0,3,0,0.0007945,0.0079451
4 137 628 8575 R2Exchange,6292237.0,1,0,0.002885,0.007212
3 625 945 651 24Obmin,6288636.0,3,0,0.00318034,0.0636068
0 432 350 3910 FreeChange,6277619.0,1,0,0.00165605,0.00993632
11 960 944 3339 Обмен24,6277227.0,1,0,0.00477918,0.079653
21 901 403 2006 Касса,6276584.0,6,0,0.00478643,0.12763796
Данный обменный пункт работает в ручном или полуавтоматическом режиме.,6276185.0,1,0,0.0022,0.0089
Данный обменный пункт работает в ручном или полуавтоматическом режиме.,6266724.0,2,0,0.00319146,0.319146
Данный обменный пункт работает в ручном или полуавтоматическом режиме.,6252479.0,8,0,0.0023,0.0224
чем на 30 мин.,6250430.0,1,0,0.00624,0.079994
2 370 000 1196 ObmennCom,6250430.0,1,0,0.00303979,0.02879802
чем на 20 мин.,6250430.0,5,0,0.0048,0.087994
222 905 196 AtlasCash,6250421.0,4,0,0.00319978,0.03519763
100 000 487 ProfiCash,6250421.0,9,0,0.00319978,0.03199785
Данный обменный пункт работает в ручном или полуавтоматическом режиме.,6247099.0,2,0,0.003,3.20148603
Данный обменный пункт работает в ручном или полуавтоматическом режиме.,6246552.0,1,0,0.0025,3
8 739 655 4461 GetBit,6243745.0,1,0,0.00240151,1.60100843
Данный обменный пункт работает в ручном или полуавтоматическом режиме.,6243745.0,9,0,0.00800802,0.15602048
74 152 2119 CoolCoin,6241063.0,1,0,0.006062,30
74 040 000 2979 Z-Obmen,6241063.0,8,0,0.00160229,0.03124468
7 390 500 1383 Easyex,6241063.0,2,0,0.00320458,0.03364811
0 000 000 506 Cryptonet,6241063.0,4,0,0.00320458,0.03284697
0 000 000 406 CryptoSell,6241063.0,1,0,0.00160229,0.0264378
0 000 000 240 BitHunter,6239671.0,1,0,0.01,0.01602649
Данный обменный пункт работает в ручном или полуавтоматическом режиме.,6238007.0,5,0,0.02,0.5
Данный обменный пункт работает в ручном или полуавтоматическом режиме.,6237513.0,6,0,0.003,1.04208196
500 000 3873 Искра,6236423.0,1,0,0.00160348,0.16034834
Данный обменный пункт работает в ручном или полуавтоматическом режиме.,6233767.0,1,0,0.01604167,1.60416657
0 000 000 4325 FastChange,6233498.0,2,0,0.0064,0.3208
6 345 466 5717 AllCash,6233498.0,3,0,0.0032,0.2406
4 522 842 2915 ExchangeBro,6233120.0,3,0,0.00152412,0.01123033
Данный обменный пункт работает в ручном или полуавтоматическом режиме.,6232802.0,5,0,0.00256706,0.80220737
Данный обменный пункт работает в ручном или полуавтоматическом режиме.,6231904.0,6,0,0.00481394,0.32092918
Данный обменный пункт работает в ручном или полуавтоматическом режиме.,6231096.0,1,0,0.005,1.9941624
2 425 818 3133 StoreBucks,6226686.0,1,0,0.00321182,16.06
1 BTC от 0.0016068 до 0.03213614 6 223 526 RUB Карта 6 000 000 3730 GramBit,6223525.0,9,0,0.005196,1
Данный обменный пункт работает в ручном или полуавтоматическом режиме.,6219756.0,5,0,0.00081193,0.0160778
Данный обменный пункт работает в ручном или полуавтоматическом режиме.,6217328.0,1,0,0.01608408,1.60840787
0 000 000 1181 CoinClick,6202630.0,7,0,0.00096183,0.00480914
773 033 11995 X-Pay,6197142.0,4,0,0.0021,0.1129553
7 257 413 5998 GeekChange,6189393.0,8,0,0.0006,0.3703
чем на 40 мин.,6173562.0,2,0,0.0021,0.08099051
чем на 60 мин.,6173562.0,7,0,0.00323962,0.05669336
00 000 3189 Bixter,6171604.0,1,0,0.0032,0.162
9 029 401 2461 Пандпэй,6171234.0,8,0,0.005567,30
3 331 396 1 2842 SwapCoin,6170068.0,1,0,0.0049,0.4862
7 376 851 2434 ChangeProject,6166324.0,1,0,0.005567,30
24 045 879 7829 OneClick24,6164722.0,3,0,0.00324427,0.06488533
000 000 1146 AvanChange,6154165.0,3,0,0.0017,0.064
003 749 11202 EuroBit,6152984.0,1,0,0.0049,0.1625
3 892 289 3399 24Exchange,6150445.0,3,0,0.01214688,0.08097919
2 532 222 54 PremierCash,6148304.0,2,0,0.00813232,3.01495297
0 791 250 2164 AllTop,6147681.0,1,0,0.00732,2.980721
Данный обменный пункт работает в ручном или полуавтоматическом режиме.,6144644.0,9,0,0.0055,0.99
18 384 170 895 Crypster,6142644.0,4,0,0.0016,0.0049
Данный обменный пункт работает в ручном или полуавтоматическом режиме.,6141215.0,1,0,0.0113984,0.81417113
0 000 000 2356 GoldenGate,6124491.0,9,0,0.025,20
Данный обменный пункт работает в ручном или полуавтоматическом режиме.,6123481.0,1,0,0.00817,1.63306
Данный обменный пункт работает в ручном или полуавтоматическом режиме.,6117888.0,1,0,0.00703325,0.2813298
8 803 366 779 ExpressMoney,6117673.0,9,0,0.00163461,0.00817288
234 804 1763 КупиБит,6116445.0,9,0,0.00163494,0.00817452
237 428 10566 YesObmen,6116292.0,5,0,0.00653874,0.57213969
000 000 3798 Обменко,6113825.0,4,0,0.00670491,0.57237056
000 000 10677 CryptoHome,6112145.0,9,0,0.00163609,0.00818027
225 801 10897 ExFMpro,6109221.0,5,0,0.00818435,9.63180795
8 842 840 17 ColibriPay,6109160.0,4,0,0.00056114,0.00480974
843 011 1008 CriptHub,6107838.0,9,0,0.00163724,0.0081862
Данный обменный пункт работает в ручном или полуавтоматическом режиме.,6107808.0,6,0,0.01637249,0.08186243
870 307 3735 Cooperation,6107649.0,3,0,0.00081865,0.16372912
24 234 324 277 Киты,6094326.0,3,0,0.00492261,10
350 000 3 Paxbit,6081826.0,3,0,0.0008,0.0033
641 600 35 CoinDrop,6079494.0,1,0,0.01151412,0.04934621
Данный обменный пункт работает в ручном или полуавтоматическом режиме.,6079126.0,1,0,0.00575605,0.21379604
00 000 000 9859 Империал,6077170.0,5,0,0.00018198,0.01819783
165 183 226 Fastify,6075706.0,1,0,0.001,4.94
Данный обменный пункт работает в ручном или полуавтоматическом режиме.,6062883.0,2,0,0.0164938,1.64938034
чем на 15 мин.,6061803.0,1,0,0.00165,0.032993
780 360 5419 Global-Ex,6060581.0,1,0,0.0013,0.0066
78 335 065 3433 SpbWMCasher,6051436.0,1,0,0.00626871,0.23095251
Данный обменный пункт работает в ручном или полуавтоматическом режиме.,6050751.0,1,0,0.001636,0.016527
1 563 778 1407 CurreX,6050504.0,5,0,0.001644,0.016527
9 575 280 246 Феникс,6049875.0,4,0,0.00096216,0.00561261
030 597 11480 Е-Банк,6049864.0,2,0,0.00330586,0.33058594
500 000 1016 CryptoYes,6045326.0,1,0,0.02977507,2.48125575
5 000 000 2046 CoinsBlack,6042133.0,9,0,0.003125,0.1
1 BTC от 0.00496895 до 0.16563169 6 037 492 RUB Карта 9 519 906 673 CryptoGin,6036506.0,4,0,0.00165659,0.04969762
чем на 20 мин.,6036172.0,3,0,0.00079491,0.1656053
Данный обменный пункт работает в ручном или полуавтоматическом режиме.,6036172.0,8,0,0.00081147,0.04968159
352 300 7273 01bit,6031089.0,1,0,0.00414519,0.04145189
Данный обменный пункт работает в ручном или полуавтоматическом режиме.,6023670.0,3,0,0.016601,0.563791
396 090 3122 CryptoLavka,6022683.0,1,0,0.00099623,0.08301947
663 427 1589 YaObmen,6017515.0,5,0,0.004,0.08781306
Данный обменный пункт работает в ручном или полуавтоматическом режиме.,6002674.0,2,0,0.01665924,1.66592422
0 000 000 3691 PinPin,5994410.0,9,0,0.00083411,0.01334577
445 409 121 Xchange,5991127.0,4,0,0.00083475,32.1
9 615 389 8100 RoyalCash,5990739.0,7,0,0.00083462,16
5 537 664 1991 БухтаОбмена,5990277.0,1,0,0.00500812,0.75121733
2 676 874 7670 CryptoGene,5989185.0,2,0,0.00016697,0.03339352
0 473 859 895 LunaBit,5989185.0,1,0,0.00166968,0.20036114
5 000 000 766 DoctorBit,5989185.0,2,0,0.00834838,4.28901297
5 687 694 231 BlaBlaMoney,5988207.0,7,0,0.00083497,16.1
отсутствует прямой обмен.,5987380.0,1,0,0.00033404,0.04175449
00 000 000 17692 Pocket-Exchange,5987217.0,2,0,0.000251,0.05
чем на 40 мин.,5986707.0,3,0,0.00075167,0.06681469
333 333 3291 ЗеленаяСвеча,5986190.0,1,0,0.00501154,0.16705117
1 881 989 6790 BelkaPay,5985030.0,5,0,0.01002501,0.94374145
648 321 2640 Bitcoff,5984864.0,1,0,0.014,0.04
6 000 000 564 Carlos-Exchange,5984854.0,1,0,0.0071,0.2664
0 000 000 1945 ExLine,5982191.0,6,0,0.000836,0.041791
36 764 5592 EpiChange,5981961.0,2,0,0.000839,0.058509
81 741 792 5978 I-Obmen,5980979.0,1,0,0.00083598,0.1671967
16 586 824 13012 HodlBase,5977122.0,6,0,0.18,0.25
956 591 128 LasloBit,5960190.0,9,0,0.00041945,0.1627465
70 000 9146 Ex-Money,6405958101.0,7,0,0.00246344,1
544 426 1555 CoinCat,5957930.0,2,0,0.00411015,0.11438423
7 825 291 13224 X-Order,5957827.0,2,0,0.00335693,0.16784644
0 782 456 1397 CrystalMoney,5956724.0,1,0,0.00083939,10.58
14 957 701 528 ОбменкаSU,5953736.0,5,0,0.0004,0.01679618
350 285 1073 UmaPay,5938388.0,3,0,0.000842,0.151556
1 628 533 838 BTCRotor,5936248.0,7,0,0.00082073,0.164
544 426 361 BTchange,5928754.0,3,0,0.00506008,0.50600847
600 000 4462 NicexChanger,5924831.0,1,0,0.0008206,0.164
3 216 299 6587 ProstovCash,6105924384.0,3,0,0.00084397,1
Данный обменный пункт работает в ручном или полуавтоматическом режиме.,5924349.0,1,0,0.00084381,0.50638472
5 659 057 10986 Sunduk,5924213.0,9,0,0.0006,0.01671108
798 225 5385 AltinBit,5921340.0,3,0,0.00086129,0.1688807
4 409 978 668 YChanger,6405921287.0,7,0,0.00246069,1
544 867 9263 Монеткинс,5920857.0,7,0,0.00081617,0.5533
896 532 335 Cashalot,5920314.0,9,0,0.0118237,0.05067299
68 868 1562 MultiXchange,5919298.0,5,0,0.00131,200
0 174 307 7054 4ange,5918273.0,9,0,0.00097969,0.5549
90 000 1034 Банкомат,5917946.0,6,0,0.00041003,100
0 926 972 4536 NordChange,5915005.0,2,0,0.00039402,0.164
2 685 741 1612 EasySwap,5913587.0,3,0,0.00097946,0.817
9 157 021 691 NorthCapital,5913456.0,1,0,0.00169106,0.05073175
216 072 173 Murex,5912919.0,1,0,0.00507364,0.01691212
4 936 547 271 AltSwap,5912153.0,3,0,0.00149908,5.474
Данный обменный пункт работает в ручном или полуавтоматическом режиме.,5911655.0,3,0,0.0016916,0.011841
561 286 945 BaksMan,5911044.0,1,0,0.00163198,0.816
Данный обменный пункт работает в ручном или полуавтоматическом режиме.,5900591.0,4,0,0.004,0.5
20 797 508 377 FloatChange,5894804.0,1,0,0.00101785,0.08482047
2 820 496 4599 24PayBank,5894095.0,4,0,0.00084831,16
7 098 933 6630 Эльвира,5893420.0,4,0,0.00039027,0.05090423
55 567 1022 16Tonn,5890313.0,6,0,0.0016977,0.05093108
177 709 2081 CoinBlinker,5884515.0,2,0,0.00039357,0.82
83 279 758 2911 AbcObmen,5884245.0,2,0,0.00039369,6.8
0 000 000 5645 Cryptojet,5883978.0,3,0,0.00169953,0.05098591
455 605 1588 BTCWorm,5878106.0,1,0,0.00039413,1.64
50 799 124 630 Сова,5874956.0,1,0,0.000085,13.89
91 185 130 86337 Метка,5874956.0,7,0,0.000085,13.89
6 912 541 16607 Альткоин,5869592.0,9,0,0.000085,13.89
28 654 559 18623 Z-Exchange,5864411.0,9,0,0.0003,0.0025578
4 937 1304 CoinStart,5862483.0,1,0,0.000341,15
5 870 052 35370 RealExchange,5861661.0,8,0,0.003412,0.08530006
6 127 143 539 60сек,5857272.0,7,0,0.00148,24.8
Данный обменный пункт может запросить верификацию документов клиента или приостановить обмен для проверки других данных.,5840320.0,1,0,0.0019879,0.03313175
9 191 829 1523 OneMoment,5818826.0,4,0,0.000172,15
0 000 000 49824 ExWhite,5808107.0,7,0,0.00258,0.1033
253 552 4911 CoinChanger,5804152.0,5,0,0.00258,0.10337
802 842 4870 Crypik,5804001.0,5,0,0.01,0.5
149 835 1406 ExHub,5801725.0,8,0,0.00259,0.10342
533 591 35110 BitObmen,5801347.0,4,0,0.00034475,0.01723738
32 717 1008 Арбуз,5801146.0,5,0,0.00259,0.10343
973 514 3937 Coinfy,5800116.0,5,0,0.000086,10
4 416 521 4082 Депо,5800116.0,8,0,0.000086,13.89
0 358 625 151 CoinTok,5800015.0,6,0,0.00051,0.034483
90 000 1085 Муха,5775312.0,2,0,0.00035,0.01714
587 951 8171 Котлета,5769199.0,2,0,0.000364,15
125 468 625 12707 Tarifex,5757753.0,6,0,0.00093455,0.02803643
0 935 910 606 Ферма,5737749.0,2,0,0.000349,10
7 089 449 52015 Bitality,5734681.0,7,0,0.00331317,100
681 272 3228 BitFlaming,5733042.0,1,0,0.00331412,0.08285304
711 351 1361 Kursov24,5732846.0,4,0,0.00082856,0.1325694
054 793 1222 24Обмен,5713153.0,3,0,0.000973,0.096
82 379 1673 ПоТеме,5706918.0,3,0,0.015,2
10 628 790 2121 Крипта,5675383.0,1,0,0.00044,15
051 338 574 86032 X-Obmen,5669577.0,2,0,0.008,0.4
Данный обменный пункт работает в ручном или полуавтоматическом режиме.,5659615.0,3,0,0.00017669,0.26503569
взимаемая с получаемой валюты.,5573770.0,1,0,0.002,0.2101
209 840 2500 Tuco,5562612.0,6,0,0.0018,0.1798
921 366 1299 CoinPayMaster,5553586.0,7,0,0.00496976,0.08282937
930 678 4009 CosmoChanger,5553586.0,1,0,0.00331317,0.16565874
Данный обменный пункт работает в ручном или полуавтоматическом режиме.,5534156.0,2,0,0.01806942,3.97788998
2 014 265 4220 ChangerBiz,5533648.0,7,0,0.0016,0.01351138
4 767 39 ExpoChange,5516384.0,1,0,0.001,0.2
830 774 755 X-Capital,5484589.0,2,0,0.001,0.48415748
655 405 392 BestKurs24,5471348.0,2,0,0.00109662,0.16449328
675 654 5163 BTC-Волга,5434185.0,1,0,0.00009201,0.18402024
000 000 617 LovanPay,5432855.0,5,0,0.00099395,0.01656587
716 207 1842 Perfect-Change,5425922.0,9,0,0.00018614,0.5
4 188 100 1777 BTC-Обменник,5394000.0,1,0,0.0002,2
8 363 226 1752 BitCash,5327332.0,2,0,0.005,0.02
341 488 568 IziBTC,5311882.0,1,0,0.001,1
5 125 000 5044 Cash-Bit,5239495.0,1,0,0.00017,0.2
взимаемая с получаемой валюты.,5217407.0,6,0,0.000364,0.05
0 000 1477 WMBlr,5158502.0,2,0,0.00010565,0.00272269
взимаемая с получаемой валюты.,5075594.0,1,0,0.001,0.01969425
366 038 248 Crypto-Trans,5040297.0,1,0,0.00015,0.2
0 760 400 2417 Ru-Change,4883330.0,3,0,0.00020478,7.72020264
7 700 294 2272 Coin-Bank,4823042.0,1,0,0.00020734,25.73
24 092 398 2055 GrumBot,4643568.0,8,0,0.00021966,0.00861407
1 BTC от 0.00078993 до 0.00789919 6 329 635 RUB Карта 467 859 225 12744 BitBuy,6329635.0,3,0,0.00157987,1.0269155
118 348 766 5650 Crypto-Polis,6329635.0,1,0,0.00248408,0.41401326
Данный обменный пункт работает в ручном или полуавтоматическом режиме.,6329635.0,1,0,0.002,0.008
Данный обменный пункт работает в ручном или полуавтоматическом режиме.,6329635.0,3,0,0.0157987,1.57987
0 000 000 2421 LelekaCash,6329635.0,5,0,0.00394968,0.15498525
Данный обменный пункт работает в ручном или полуавтоматическом режиме.,6329635.0,9,0,0.0035,0.0237
94 331 112 1391 Терминал,6329635.0,1,0,0.00157987,0.0157987
0 866 679 895 Ganesh,6329635.0,5,0,0.00157987,0.02369805
000 000 317 Гроза,6329635.0,3,0,0.00129,0.008
3 871 677 254 Dmoney,6329635.0,3,0,0.002369,0.031
000 000 55 ChangeExpert,6329501.0,4,0,0.00552966,0.15799035
Данный обменный пункт работает в ручном или полуавтоматическом режиме.,6329114.0,8,0,0.00128,0.00687
Данный обменный пункт работает в ручном или полуавтоматическом режиме.,6328218.0,1,0,0.00237034,0.02370336
1 BTC от 0.00079 до 0.00794 6 299 530 RUB Карта 62 880 469 13377 Papa-Change,6299530.0,6,0,0.00079371,0.00793694
991 488 923 9538 FlashObmen,6299530.0,3,0,0.0007937,0.0079369
4 137 628 8575 XMoney,6299530.0,1,0,0.0032,0.1587
40 995 925 2512 R2Exchange,6288636.0,1,0,0.002885,0.007212
3 625 945 651 FreeChange,6277589.0,1,0,0.00165605,0.00993632
11 960 944 3339 24Obmin,6277227.0,3,0,0.00318612,0.0637224
0 432 350 3910 Касса,6276584.0,6,0,0.00478643,0.12763796
Данный обменный пункт работает в ручном или полуавтоматическом режиме.,6276016.0,1,0,0.0022,0.0089
07 332 718 5438 Обмен24,6266724.0,1,0,0.00478719,0.0797865
Данный обменный пункт работает в ручном или полуавтоматическом режиме.,6266109.0,2,0,0.00319177,0.31917735
Данный обменный пункт работает в ручном или полуавтоматическом режиме.,6251461.0,8,0,0.0023,0.0224
чем на 30 мин.,6250430.0,1,0,0.00624,0.079994
2 370 000 1196 ProfiCash,6250430.0,9,0,0.00319978,0.0319978
чем на 20 мин.,6250430.0,5,0,0.0048,0.087994
222 905 196 ObmennCom,6250421.0,1,0,0.0030398,0.02879806
2 645 000 669 AtlasCash,6250421.0,4,0,0.00319978,0.03519763
Данный обменный пункт работает в ручном или полуавтоматическом режиме.,6245511.0,2,0,0.003,3.20229992
Данный обменный пункт работает в ручном или полуавтоматическом режиме.,6244964.0,1,0,0.0025,3
Данный обменный пункт работает в ручном или полуавтоматическом режиме.,6243131.0,9,0,0.0080088,0.1560358
74 152 2119 GetBit,6241063.0,1,0,0.00240344,1.60229105
78 837 901 8740 BitHunter,6241063.0,1,0,0.01,0.01602291
0 000 000 1741 Z-Obmen,6241063.0,8,0,0.00160229,0.03124468
7 390 500 1383 Easyex,6241063.0,2,0,0.00320458,0.03364811
0 000 000 506 Cryptonet,6241063.0,4,0,0.00320458,0.03284697
0 000 000 406 CryptoSell,6241063.0,1,0,0.00160229,0.0264378
0 000 000 240 CoolCoin,6239671.0,1,0,0.006062,30
Данный обменный пункт работает в ручном или полуавтоматическом режиме.,6238007.0,5,0,0.02,0.5
Данный обменный пункт работает в ручном или полуавтоматическом режиме.,6235928.0,6,0,0.003,1.04234688
1 BTC от 0.0024062 до 0.02406209 6 233 873 RUB Карта 6 120 000 1133 FastChange,6233872.0,2,0,0.0064,0.3208
6 345 466 5717 AllCash,6233872.0,3,0,0.0032,0.2406
4 522 842 2915 ExchangeBro,6233081.0,3,0,0.00152413,0.0112304
Данный обменный пункт работает в ручном или полуавтоматическом режиме.,6232989.0,1,0,0.01604367,1.60436663
Данный обменный пункт работает в ручном или полуавтоматическом режиме.,6232802.0,5,0,0.00256706,0.80220737
Данный обменный пункт работает в ручном или полуавтоматическом режиме.,6230192.0,6,0,0.00481526,0.32101742
Данный обменный пункт работает в ручном или полуавтоматическом режиме.,6229513.0,1,0,0.005,1.99466936
1 BTC от 0.0016 до 0.0482 6 224 695 RUB Карта 257 262 266 5807 Искра,6224494.0,1,0,0.00160656,0.16065562
000 000 159 GramBit,6223526.0,9,0,0.005196,1
Данный обменный пункт работает в ручном или полуавтоматическом режиме.,6217328.0,1,0,0.01608408,1.60840787
0 000 000 1181 StoreBucks,6216615.0,1,0,0.00321702,16.09
00 000 000 6805 CoinClick,6201555.0,7,0,0.00096351,0.00481753
773 033 11995 X-Pay,6197142.0,4,0,0.0021,0.1129553
Данный обменный пункт работает в ручном или полуавтоматическом режиме.,6197131.0,5,0,0.00081489,0.0161365
чем на 40 мин.,6189393.0,2,0,0.0021,0.08078336
3 985 469 92266 GeekChange,6189393.0,8,0,0.0006,0.3703
8 872 380 2481 Пандпэй,6173562.0,8,0,0.005567,30
чем на 60 мин.,6172956.0,7,0,0.00323994,0.05669893
00 000 3189 Bixter,6171604.0,1,0,0.0032,0.162
9 029 401 2461 SwapCoin,6168901.0,1,0,0.0049,0.4863
7 376 851 2434 ChangeProject,6164722.0,1,0,0.005567,30
24 045 879 7829 OneClick24,6164722.0,3,0,0.00324427,0.06488533
000 000 1146 AvanChange,6154165.0,3,0,0.0017,0.064
003 749 11202 EuroBit,6151820.0,1,0,0.0049,0.1626
3 892 289 3399 24Exchange,6150336.0,3,0,0.01214688,0.08097919
2 532 222 54 PremierCash,6148304.0,2,0,0.00813232,3.01495297
0 791 250 2164 AllTop,6147681.0,1,0,0.00732,2.980721
8 324 522 1561 Crypster,6142644.0,4,0,0.0016,0.0049
Данный обменный пункт работает в ручном или полуавтоматическом режиме.,6140677.0,9,0,0.0055,0.99
Данный обменный пункт работает в ручном или полуавтоматическом режиме.,6140612.0,1,0,0.01139952,0.81425111
Данный обменный пункт работает в ручном или полуавтоматическом режиме.,6122018.0,1,0,0.00817,1.63345
00 335 787 468 GoldenGate,6118291.0,9,0,0.025,20
8 177 521 1212 ExpressMoney,6117673.0,9,0,0.00163461,0.00817288
Данный обменный пункт работает в ручном или полуавтоматическом режиме.,6116851.0,1,0,0.00703325,0.2813298
8 803 366 779 КупиБит,6116445.0,9,0,0.00163494,0.00817452
241 651 10566 YesObmen,6115920.0,5,0,0.00653978,0.57223086
000 000 3798 Обменко,6113453.0,4,0,0.00670598,0.57246176
000 000 10677 CryptoHome,6112145.0,9,0,0.00163609,0.00818027
226 326 10897 CriptHub,6107838.0,9,0,0.00163724,0.0081862
Данный обменный пункт работает в ручном или полуавтоматическом режиме.,6107808.0,6,0,0.01637249,0.08186243
870 307 3735 ExFMpro,6107654.0,5,0,0.00818645,9.63427935
8 842 840 17 ColibriPay,6105687.0,4,0,0.00056215,0.00481839
843 011 1008 Cooperation,6097770.0,3,0,0.00081997,0.16399437
24 234 324 277 Киты,6082139.0,3,0,0.00493248,10
350 000 3 Paxbit,6081826.0,3,0,0.0008,0.0033
Данный обменный пункт работает в ручном или полуавтоматическом режиме.,6079494.0,1,0,0.00576638,0.21417971
00 000 000 9859 Империал,6077922.0,5,0,0.00018198,0.01819783
165 183 226 Fastify,6074812.0,1,0,0.001,4.94
000 000 78 CoinDrop,6069669.0,1,0,0.01153275,0.04942609
Данный обменный пункт работает в ручном или полуавтоматическом режиме.,6062126.0,2,0,0.01649586,1.64958623
0 000 000 1150 SpbWMCasher,6061803.0,1,0,0.00627996,0.23136697
чем на 15 мин.,6060986.0,1,0,0.00165,0.032998
780 360 5419 Global-Ex,6060581.0,1,0,0.0013,0.0066
Данный обменный пункт работает в ручном или полуавтоматическом режиме.,6050751.0,1,0,0.001636,0.016527
1 563 778 1407 CurreX,6050504.0,5,0,0.001644,0.016527
9 575 280 246 Е-Банк,6049490.0,2,0,0.00330606,0.3306064
500 000 1016 Феникс,6049284.0,4,0,0.00096218,0.00561269
030 597 11480 CoinsBlack,6042133.0,9,0,0.003125,0.1
1 BTC от 0.00496895 до 0.16563169 6 037 492 RUB Карта 9 519 906 673 CryptoGin,6036917.0,4,0,0.00165647,0.04969424
чем на 20 мин.,6036143.0,3,0,0.00079491,0.1656053
Данный обменный пункт работает в ручном или полуавтоматическом режиме.,6036143.0,8,0,0.00081147,0.04968159
352 300 7273 CryptoYes,6035548.0,1,0,0.02982331,2.48527545
5 000 000 2046 01bit,6030715.0,1,0,0.00414545,0.04145445
0 000 000 72 CryptoLavka,6022348.0,1,0,0.00099629,0.0830241
Данный обменный пункт работает в ручном или полуавтоматическом режиме.,6022048.0,3,0,0.016606,0.563943
396 090 3122 YaObmen,6017515.0,5,0,0.004,0.08781306
Данный обменный пункт работает в ручном или полуавтоматическом режиме.,6002105.0,2,0,0.01666082,1.66608209
0 000 000 3691 Xchange,5990739.0,4,0,0.00083462,32
отсутствует прямой обмен.,5988024.0,1,0,0.000334,0.04175
00 000 000 17692 RoyalCash,5987054.0,7,0,0.00083514,16
5 537 664 1991 Pocket-Exchange,5986860.0,2,0,0.000251,0.05
92 496 075 56994 BlaBlaMoney,5986494.0,7,0,0.00083521,16
713 250 1830 BelkaPay,5985030.0,5,0,0.01002501,0.94374145
648 321 2640 Carlos-Exchange,5983707.0,1,0,0.0071,0.2664
0 000 000 1945 PinPin,5983564.0,9,0,0.00083562,0.01336996
445 409 121 Bitcoff,5982201.0,1,0,0.014,0.04
6 000 000 564 ExLine,5982191.0,6,0,0.000836,0.041791
чем на 40 мин.,5978972.0,3,0,0.00075264,0.06690113
333 333 3291 HodlBase,5977122.0,6,0,0.18,0.25
956 591 128 ЗеленаяСвеча,5975799.0,1,0,0.00502025,0.16734163
1 881 989 6790 CryptoGene,5973105.0,2,0,0.00016742,0.03348342
0 473 859 895 LunaBit,5973105.0,1,0,0.00167417,0.20090053
5 000 000 766 DoctorBit,5973105.0,2,0,0.00837086,4.30055949
5 687 694 231 EpiChange,5971137.0,2,0,0.000841,0.058615
81 741 792 5978 I-Obmen,5969538.0,1,0,0.00083759,0.16751715
16 586 824 13012 LasloBit,5960891.0,9,0,0.0004194,0.16272736
70 000 9146 Ex-Money,6405960652.0,7,0,0.00245916,1
542 930 1555 CoinCat,5957948.0,2,0,0.00411049,0.11438389
7 825 291 13224 X-Order,5957086.0,2,0,0.00335735,0.16786732
0 782 456 1397 CrystalMoney,5956761.0,1,0,0.00083938,10.58
14 957 701 528 ОбменкаSU,5953736.0,5,0,0.0004,0.01679618
350 285 1073 UmaPay,5938388.0,3,0,0.000842,0.151556
1 628 533 838 BTCRotor,5932597.0,7,0,0.00082073,0.164
544 426 361 BTchange,5928388.0,3,0,0.0050604,0.50603979
600 000 4462 NicexChanger,5924831.0,1,0,0.0008206,0.164
3 216 299 6587 ProstovCash,6105924384.0,3,0,0.00084397,1
Данный обменный пункт работает в ручном или полуавтоматическом режиме.,5924349.0,1,0,0.00084381,0.50638472
5 659 057 10986 Sunduk,5924213.0,9,0,0.0006,0.01671108
798 225 5385 AltinBit,5921047.0,3,0,0.00086133,0.16888906
4 409 978 668 4ange,5920509.0,9,0,0.00097969,0.5549
90 000 1034 YChanger,6405918623.0,7,0,0.00246069,1
544 867 9263 Монеткинс,5917413.0,7,0,0.00081617,0.5533
896 532 335 MultiXchange,5917190.0,5,0,0.00131,200
0 174 307 7054 EasySwap,5914728.0,3,0,0.00097946,0.817
9 157 021 691 Банкомат,5914306.0,6,0,0.00041003,100
0 926 972 4536 Murex,5912919.0,1,0,0.00507364,0.01691212
4 936 547 271 AltSwap,5911986.0,3,0,0.00149908,5.474
8 349 292 371 NordChange,5911722.0,2,0,0.00039402,0.164
2 685 741 1612 BaksMan,5911044.0,1,0,0.00163198,0.816
5 741 995 7859 Cashalot,5910446.0,9,0,0.01184344,0.05075759
Данный обменный пункт работает в ручном или полуавтоматическом режиме.,5910063.0,3,0,0.001692,0.0118442
Данный обменный пункт работает в ручном или полуавтоматическом режиме.,5898256.0,4,0,0.004,0.5
20 797 508 377 NorthCapital,5897616.0,1,0,0.0016956,0.05086802
216 072 173 24PayBank,5894642.0,4,0,0.00084823,16
7 098 933 6630 Cryptojet,5883978.0,3,0,0.00169953,0.05098591
455 605 1588 FloatChange,5883705.0,1,0,0.00101977,0.08498047
2 820 496 4599 Эльвира,5881664.0,4,0,0.00039105,0.05100598
55 567 1022 CoinBlinker,5881249.0,2,0,0.00039357,0.82
83 279 758 2911 AbcObmen,5880626.0,2,0,0.00039369,6.8
0 000 000 5645 BTCWorm,5880285.0,1,0,0.00039413,1.64
50 799 124 630 16Tonn,5878563.0,6,0,0.0017011,0.05103288
177 709 2081 Сова,5874606.0,1,0,0.000085,13.89
91 185 130 86337 Метка,5874606.0,7,0,0.000085,13.89
6 912 541 16607 Альткоин,5868993.0,9,0,0.000085,13.89
28 654 559 18623 Z-Exchange,5864411.0,9,0,0.0003,0.0025578
4 937 1304 CoinStart,5862134.0,1,0,0.000341,15
5 870 052 35370 60сек,5853669.0,7,0,0.00148,24.8
542 790 6137 RealExchange,5851025.0,8,0,0.0034182,0.08545512
Данный обменный пункт может запросить верификацию документов клиента или приостановить обмен для проверки других данных.,5840849.0,1,0,0.00198772,0.03312875
9 191 829 1523 OneMoment,5818479.0,4,0,0.000172,15
0 000 000 49824 ExWhite,5808107.0,7,0,0.00258,0.1033
253 552 4911 CoinChanger,5804001.0,5,0,0.00258,0.10338
802 842 4870 Crypik,5802935.0,5,0,0.01,0.5
149 835 1406 ExHub,5801725.0,8,0,0.00259,0.10342
533 591 35110 Арбуз,5801146.0,5,0,0.00259,0.10343
973 514 3937 CoinTok,5800015.0,6,0,0.00051,0.034483
90 000 1085 Coinfy,5799770.0,5,0,0.000086,10
4 416 521 4082 Депо,5799770.0,8,0,0.000086,13.89
0 358 625 151 BitObmen,5788305.0,4,0,0.00034552,0.01727622
32 717 1008 Муха,5775312.0,2,0,0.00035,0.01714
587 951 8171 Котлета,5768855.0,2,0,0.000364,15
125 468 625 12707 Tarifex,5757753.0,6,0,0.00093455,0.02803643
0 935 910 606 Ферма,5737407.0,2,0,0.000349,10
7 089 449 52015 Bitality,5735200.0,7,0,0.00331287,100
681 272 3228 Kursov24,5732705.0,4,0,0.00082858,0.13257268
054 793 1222 BitFlaming,5732428.0,1,0,0.00331448,0.08286192
711 351 1361 24Обмен,5713153.0,3,0,0.000973,0.096
82 379 1673 ПоТеме,5709186.0,3,0,0.015,2
10 628 790 2121 Крипта,5675044.0,1,0,0.000441,15
051 338 574 86032 X-Obmen,5669577.0,2,0,0.008,0.4
Данный обменный пункт работает в ручном или полуавтоматическом режиме.,5659615.0,3,0,0.00017669,0.26503569
взимаемая с получаемой валюты.,5573770.0,1,0,0.002,0.2101
209 840 2500 Tuco,5561560.0,6,0,0.0018,0.1798
921 366 1299 CoinPayMaster,5554089.0,7,0,0.00496931,0.08282187
930 678 4009 CosmoChanger,5554089.0,1,0,0.00331287,0.16564373
870 175 1609 ChangerBiz,5533648.0,7,0,0.0016,0.01351138
Данный обменный пункт работает в ручном или полуавтоматическом режиме.,5532666.0,2,0,0.01807429,3.97896129
2 014 265 4220 ExpoChange,5516384.0,1,0,0.001,0.2
830 774 755 X-Capital,5484589.0,2,0,0.001,0.48415748
655 405 392 BestKurs24,5471348.0,2,0,0.00109662,0.16449328
675 654 5163 LovanPay,5432855.0,5,0,0.00099395,0.01656587
716 207 1842 BTC-Волга,5432804.0,1,0,0.00009203,0.18406702
000 000 617 Perfect-Change,5427147.0,9,0,0.0001861,0.5
4 188 100 1777 BTC-Обменник,5394000.0,1,0,0.0002,2
8 363 226 1752 BitCash,5323673.0,2,0,0.005,0.02
341 488 568 IziBTC,5311882.0,1,0,0.001,1
5 125 000 5044 Cash-Bit,5238843.0,1,0,0.00017,0.2
взимаемая с получаемой валюты.,5217456.0,6,0,0.000364,0.05
0 000 1477 WMBlr,5158502.0,2,0,0.00010565,0.00272269
взимаемая с получаемой валюты.,5075594.0,1,0,0.001,0.01969425
366 038 248 Crypto-Trans,5040297.0,1,0,0.00015,0.2
0 760 400 2417 Ru-Change,4884433.0,3,0,0.00020473,7.71845916
7 700 294 2272 Coin-Bank,4824131.0,1,0,0.00020729,25.72
24 092 398 2055 GrumBot,4642388.0,8,0,0.00021971,0.00861626
